site;tree;stratum;id;spp;habit1;habit2;fertile;flowers;fruits;nleaves;NFU;hmax;Chl_a;Chl_b;ratio_ab;Chl_total;LT;LA;LDM;LFM;SLA;LS;succulence;LWC
LH;F01;E5;2;Stelis spathulata;Ramicaule;Erect;0;0;0;;6;4.5;;;;;0.54;0.825;0.0103;0.05;80.09708738;0.048121212;0.027;0.794
LH;F01;E5;3;Stelis spathulata;Ramicaule;Erect;0;0;0;;7;7.9;;;;;0.876666667;2.06;0.0255;0.17;80.78431373;0.070145631;0.149033333;0.85
LH;F01;E5;4;Stelis spathulata;Ramicaule;Erect;0;0;0;;8;6.9;;;;;0.796666667;1.443;0.0209;0.13;69.0430622;0.075606376;0.103566667;0.839230769
LH;F01;E5;5;Stelis spathulata;Ramicaule;Erect;0;0;0;;12;14.5;;;;;0.663333333;3.404;0.0501;0.31;67.94411178;0.076351351;0.205633333;0.838387097
LH;F01;E5;6;Oncidium pictum;Pseudobulb;Erect;0;0;0;;6;23;;;;;0.47;24.03;0.2905;1.25;82.71944923;0.039929255;0.5875;0.7676
LH;F01;E4;7;Restrepia antennifera;Ramicaule;Erect;0;0;0;;5;4;;;;;0.976666667;1.476;0.0135;0.1;109.3333333;0.058604336;0.097666667;0.865
LH;F01;E4;8;Restrepia antennifera;Ramicaule;Erect;1;0;0;;9;9;;;;;0.89;9.802;0.1082;0.93;90.59149723;0.083840033;0.8277;0.883655914
LH;F01;E4;9;Restrepia antennifera;Ramicaule;Erect;0;0;0;;4;5.6;;;;;0.793333333;6.577;0.0722;0.57;91.09418283;0.075688004;0.4522;0.873333333
LH;F01;E4;11;Stelis spathulata;Ramicaule;Erect;0;0;0;;7;4;;;;;0.673333333;1.2;0.0137;0.09;87.59124088;0.063583333;0.0606;0.847777778
LH;F01;E4;12;Stelis spathulata;Ramicaule;Erect;1;0;0;;12;12;;;;;0.873333333;4.24;0.0464;0.34;91.37931034;0.069245283;0.296933333;0.863529412
LH;F01;E4;13;Stelis spathulata;Ramicaule;Erect;1;0;0;;22;10.9;;;;;0.476666667;3.856;0.0316;0.22;122.0253165;0.048858921;0.104866667;0.856363636
LH;F01;E3;14;Stelis spathulata;Ramicaule;Erect;0;0;0;;5;10.5;;;;;0.596666667;2.573;0.0217;0.19;118.5714286;0.065410027;0.113366667;0.885789474
LH;F01;E3;15;Stelis spathulata;Ramicaule;Erect;0;0;0;;6;7.5;;;;;0.39;1.548;0.0087;0.09;177.9310345;0.05251938;0.0351;0.903333333
LH;F01;E3;16;Stelis spathulata;Ramicaule;Erect;0;0;0;;12;9.1;;;;;0.74;1.863;0.0185;0.15;100.7027027;0.070585078;0.111;0.876666667
LH;F01;E3;17;Restrepia antennifera;Ramicaule;Erect;0;0;0;;4;4.9;;;;;0.84;3.26;0.0319;0.27;102.1943574;0.07303681;0.2268;0.881851852
LH;F01;E3;18;Restrepia antennifera;Ramicaule;Erect;0;0;0;;3;4.5;;;;;1.09;2.037;0.0265;0.18;76.86792453;0.075355916;0.1962;0.852777778
LH;F01;E3;19;Restrepia antennifera;Ramicaule;Erect;0;0;0;;6;4.6;;;;;0.786666667;2.112;0.0213;0.15;99.15492958;0.0609375;0.118;0.858
LH;F02;E3;20;Stelis vulcanica;Ramicaule;Erect;0;0;0;;7;40;;;;;1.963333333;94.793;0.9662;16.5;98.10908715;0.16387075;32.395;0.941442424
LH;F02;E3;21;Stelis spathulata;Ramicaule;Erect;0;0;0;;6;7;;;;;0.506666667;3.12;0.0212;0.15;147.1698113;0.041282051;0.076;0.858666667
LH;F02;E4;22;Restrepia antennifera;Ramicaule;Erect;1;0;0;;8;11.5;;;;;0.8;11.29;0.0773;0.86;146.0543338;0.069326838;0.688;0.910116279
LH;F02;E4;23;Restrepia antennifera;Ramicaule;Erect;0;0;0;;10;18;;;;;0.96;8.716;0.0676;0.78;128.9349112;0.081734741;0.7488;0.913333333
LH;F02;E4;24;Restrepia antennifera;Ramicaule;Erect;1;0;0;;19;15;;;;;1.143333333;12.524;0.0991;1.21;126.3773966;0.088701693;1.383433333;0.918099174
LH;F02;E4;25;Lepanthes sp.2;Ramicaule;Erect;1;0;0;;4;8.4;;;;;0.486666667;3.402;0.0213;0.15;159.7183099;0.037830688;0.073;0.858
LH;F02;E4;26;Lepanthes sp.2;Ramicaule;Erect;1;0;0;;2;7.3;;;;;0.496666667;2.574;0.0148;0.12;173.9189189;0.040870241;0.0596;0.876666667
LH;F02;E4;27;Lepanthes sp.2;Ramicaule;Erect;1;0;0;;7;12.3;;;;;0.37;2.094;0.0111;0.07;188.6486486;0.028127985;0.0259;0.841428571
LH;F02;E4;28;Stelis spathulata;Ramicaule;Erect;0;0;0;;12;8;;;;;0.833333333;2.419;0.0207;0.18;116.8599034;0.065853659;0.15;0.885
LH;F02;E4;29;Stelis spathulata;Ramicaule;Erect;1;0;0;;13;7;;;;;0.78;1.692;0.0123;0.11;137.5609756;0.057742317;0.0858;0.888181818
LH;F02;E4;30;Stelis spathulata;Ramicaule;Erect;1;0;0;;10;8.5;;;;;0.693333333;2.35;0.0209;0.16;112.4401914;0.059191489;0.110933333;0.869375
LH;F02;E5;35;Campylocentrum micranthum;Leafy stem;Scandent;1;0;0;;4;18;;;;;1.25;0.859;0.0136;0.09;63.16176471;0.088940629;0.1125;0.848888889
LH;F03;E2;36;Stelis spathulata;Ramicaule;Erect;0;0;0;;8;8.2;;;;;0.474466667;2.404;0.02093;0.178115558;114.859054;0.065385007;0.084509895;0.882492017
LH;F03;E2;37;Stelis spathulata;Ramicaule;Erect;0;0;0;;6;5.2;;;;;0.331533333;1.091;0.0110825;0.1081924;98.44349199;0.08900999;0.035869387;0.897566742
LH;F03;E2;39;Stelis spathulata;Ramicaule;Erect;0;0;0;;5;8;;;;;0.360733333;2.227;0.0196025;0.168689512;113.6079582;0.066945223;0.06085193;0.883795383
LH;F03;E2;40;Lepanthes sp.3;Ramicaule;Erect;1;0;0;;4;6.8;;;;;0.446566667;2.31;0.012101;0.092461293;190.8933146;0.034788006;0.041290132;0.869123613
LH;F03;E2;41;Lepanthes sp.2;Ramicaule;Erect;1;0;0;;2;8.2;;;;;0.342633333;3.727;0.0185712;0.139648868;200.6870854;0.03248663;0.047848357;0.867015034
LH;F03;E2;42;Lepanthes sp.2;Ramicaule;Erect;1;0;0;;3;10.7;;;;;0.263033333;2.484;0.0116104;0.096489124;213.9461173;0.034170179;0.025379856;0.879671413
LH;F03;E2;43;Lepanthes sp.2;Ramicaule;Erect;1;0;0;;3;6.9;;;;;0.281466667;1.672;0.0070632;0.068294665;236.7199003;0.03662169;0.019222672;0.896577574
LH;F03;E2;45;Cryptocentrum latifolium;Monopodial;Erect;1;0;0;8;1;30.5;;;;;0.560733333;28.892;0.38;2.0142024;76.03157895;0.056562453;1.129430426;0.811339714
LH;F03;E2;46;Cryptocentrum latifolium;Monopodial;Erect;1;0;0;6;1;21.8;;;;;0.6184;14.18;0.45;0.951996;31.51111111;0.035401693;0.588714326;0.527308938
LH;F03;E2;47;Cryptocentrum latifolium;Monopodial;Erect;1;0;0;6;1;22.5;;;;;0.5112;14.323;0.5;0.9623206;28.646;0.032278196;0.491938291;0.480422637
LH;F03;E3;48;Oncidium pictum;Pseudobulb;Erect;0;0;0;13;5;49;;;;;0.769633333;92.906;0.41;4.701312;226.6;0.046189826;3.618286426;0.912790302
LH;F03;E2;49;Campylocentrum micranthum;Leafy stem;Scandent;0;0;0;13;1;23;;;;;0.4463;0.965;0.0118235;0.075092487;81.61711845;0.065563717;0.033513777;0.842547498
LH;F03;E3;50;Lepanthes sp.2;Ramicaule;Erect;1;0;0;;3;7.6;;;;;0.2434;2.428;0.0112968;0.094544679;214.9281212;0.034286606;0.023012175;0.880513635
LH;F03;E3;51;Lepanthes sp.2;Ramicaule;Erect;1;0;0;;4;10;;;;;0.374033333;3.169;0.0154464;0.120273859;205.1610731;0.033079034;0.044986432;0.87157309
LH;F03;E3;53;Restrepia antennifera;Ramicaule;Erect;0;0;0;;8;8;;;;;0.6436;6.377;0.0579946;0.561777671;109.9585134;0.079000011;0.361560109;0.896765922
LH;F03;E3;54;Restrepia antennifera;Ramicaule;Erect;0;0;0;;6;6;;;;;0.729333333;4.323;0.0378654;0.396537069;114.1675514;0.082968232;0.289207702;0.90450981
LH;F03;E3;55;Campylocentrum micranthum;Leafy stem;Scandent;0;0;0;14;2;34;;;;;0.628233333;1.172;0.0134588;0.08463479;87.08057182;0.060730367;0.053170396;0.840977924
LH;F03;E3;56;Campylocentrum micranthum;Leafy stem;Scandent;0;0;0;11;1;11;;;;;0.418566667;1.464;0.0157656;0.098095429;92.86040493;0.056236222;0.041059477;0.839283031
LH;F03;E3;57;Stelis spathulata;Ramicaule;Erect;0;0;0;;10;4;;;;;0.425266667;1.157;0.0115775;0.111707197;99.93521918;0.086542521;0.047505347;0.896358513
LH;F03;E3;58;Cryptocentrum latifolium;Monopodial;Erect;0;0;0;5;1;21.5;;;;;0.582633333;16.137;0.42;1.0932914;38.42142857;0.041723455;0.636988013;0.615838925
LH;F03;E5;59;Campylocentrum micranthum;Leafy stem;Scandent;0;0;0;11;1;10.5;;;;;0.596666667;0.988;0.0125;0.05;79.04;0.037955466;0.029833333;0.75
LH;F03;E5;60;Campylocentrum micranthum;Leafy stem;Scandent;0;0;0;5;1;2.5;;;;;0.533333333;1.147;0.0118;0.07;97.20338983;0.050741064;0.037333333;0.831428571
LH;F03;E5;61;Stelis spathulata;Ramicaule;Erect;0;0;0;;9;8;;;;;0.73;1.751;0.0161;0.14;108.757764;0.070759566;0.1022;0.885
LH;F03;E5;62;Stelis spathulata;Ramicaule;Erect;1;0;0;;8;6;;;;;0.686666667;1.355;0.0122;0.1;111.0655738;0.064797048;0.068666667;0.878
LH;F03;E5;63;Stelis spathulata;Ramicaule;Erect;0;0;0;;7;4.5;;;;;0.61;1.068;0.0069;0.07;154.7826087;0.059082397;0.0427;0.901428571
LH;F03;E5;64;Lepanthes sp.1;Ramicaule;Erect;1;0;0;;16;3.5;;;;;0.473333333;0.35;0.0021;;166.6666667;;;
LH;F03;E5;65;Lepanthes sp.1;Ramicaule;Erect;1;0;1;;16;3.7;;;;;0.43;0.434;0.0032;0.03;135.625;0.061751152;0.0129;0.0268
LH;F03;E5;66;Lepanthes sp.1;Ramicaule;Erect;1;0;0;;14;4;;;;;0.546666667;0.389;0.0027;0.02;144.0740741;0.044473008;0.010933333;0.0173
LH;F03;E5;67;Lepanthes sp.1;Ramicaule;Erect;1;0;0;;10;4.5;;;;;0.496666667;0.459;0.0031;0.02;148.0645161;0.036819172;0.009933333;0.0169
LH;F03;E4;68;Epidendrum porpax;Leafy stem;Scandent;1;0;0;22;5;5.5;;;;;1.17;1.568;0.0116;0.18;135.1724138;0.107397959;0.2106;0.1684
LH;F03;E4;69;Epidendrum porpax;Leafy stem;Scandent;0;0;0;23;1;13;;;;;1.523333333;1.576;0.0137;0.2;115.0364964;0.11821066;0.304666667;0.1863
LH;F03;E4;70;Epidendrum porpax;Leafy stem;Scandent;1;0;0;28;2;13;;;;;1.653333333;1.8;0.0133;0.22;135.3383459;0.114833333;0.363733333;0.2067
LH;F03;E4;71;Restrepia antennifera;Ramicaule;Erect;0;0;0;;5;9;;;;;0.866666667;6.121;0.0455;0.49;134.5274725;0.072618853;0.424666667;0.4445
LH;F03;E4;72;Restrepia antennifera;Ramicaule;Erect;0;0;0;;5;10.5;;;;;1.08;8.704;0.0891;0.76;97.68799102;0.077079504;0.8208;0.6709
LH;F03;E4;74;Stelis spathulata;Ramicaule;Erect;0;0;0;;4;9.3;;;;;0.66;1.804;0.0175;0.3;103.0857143;0.156596452;0.198;0.2825
LH;F03;E4;75;Stelis spathulata;Ramicaule;Erect;0;0;0;;3;5.7;;;;;0.783333333;1.554;0.0125;0.12;124.32;0.069176319;0.094;0.1075
LH;F03;E4;76;Cryptocentrum latifolium;Monopodial;Erect;1;0;0;;1;24.5;;;;;0.593333333;19.796;0.1378;1.29;143.6574746;0.058203678;0.7654;1.1522
LH;F03;E4;77;Oncidium pictum;Pseudobulb;Erect;0;0;0;5;4;17.4;;;;;0.21;9.734;0.0503;0.26;193.5188867;0.021543045;0.0546;0.2097
LH;F03;E4;78;Stelis spathulata;Ramicaule;Erect;1;0;0;;12;14.5;;;;;0.78;5.013;0.0376;0.41;133.3244681;0.074286854;0.3198;0.3724
LH;F03;E4;79;Lepanthes sp.2;Ramicaule;Erect;0;0;0;;4;5;;;;;0.433333333;1.528;0.007;0.07;218.2857143;0.041230366;0.030333333;0.063
LH;F03;E4;81;Lepanthes sp.2;Ramicaule;Erect;0;0;0;;2;6.8;;;;;0.433333333;2.757;0.0131;0.12;210.4580153;0.03877403;0.052;0.1069
LH;F03;E4;82;Lepanthes sp.2;Ramicaule;Erect;0;0;0;;3;3.4;;;;;0.416666667;1.433;0.0077;0.06;186.1038961;0.03649686;0.025;0.0523
LH;F03;E4;83;Campylocentrum micranthum;Leafy stem;Scandent;0;0;0;6;1;24;;;;;0.86;1.704;0.0179;0.13;95.19553073;0.065786385;0.1118;0.1121
LH;F03;E4;84;Campylocentrum micranthum;Leafy stem;Scandent;0;0;0;;1;;;;;;0.856666667;1.205;0.0188;0.11;64.09574468;0.075684647;0.094233333;0.0912
LH;F03;E4;85;Campylocentrum micranthum;Leafy stem;Scandent;0;0;0;;1;;;;;;0.696666667;1.38;0.0133;0.09;103.7593985;0.05557971;0.0627;0.0767
LH;F04;E4;86;Stelis spathulata;Ramicaule;Erect;0;0;0;;5;11.5;;;;;0.4068;2.748;0.02351;0.196435106;116.8864313;0.062927622;0.079909801;0.172925106
LH;F04;E4;87;Stelis spathulata;Ramicaule;Erect;1;0;0;;8;12.5;;;;;0.465533333;3.435;0.0286625;0.233020948;119.8430004;0.059492998;0.108479018;0.204358448
LH;F04;E4;88;Stelis spathulata;Ramicaule;Erect;1;0;0;;8;13.7;;;;;0.5019;3.822;0.031565;0.253630439;121.0834785;0.058101894;0.127297117;0.222065439
LH;F04;E4;89;Restrepia antennifera;Ramicaule;Erect;0;0;0;;5;4.5;;;;;0.3941;2.363;0.0186574;0.238858597;126.6521595;0.093187134;0.094134173;0.220201197
LH;F04;E4;90;Restrepia antennifera;Ramicaule;Erect;0;0;0;;10;6.2;;;;;0.3948;2.051;0.0155998;0.213758758;131.4760446;0.096615777;0.084391958;0.198158958
LH;F04;E4;91;Restrepia antennifera;Ramicaule;Erect;0;0;0;;11;12.6;;;;;0.7033;11.536;0.1085528;0.976809935;106.2708654;0.075265008;0.686990427;0.868257135
LH;F04;E3;92;Lepanthes sp.2;Ramicaule;Erect;0;0;0;;6;13.3;;;;;0.422633333;4.415;0.022424;0.16353777;196.8872636;0.031962349;0.069116513;0.14111377
LH;F04;E3;93;Lepanthes sp.2;Ramicaule;Erect;0;0;0;;2;12;;;;;0.331066667;3.86;0.019316;0.144266926;199.8343342;0.032370706;0.04776197;0.124950926
LH;F04;E3;94;Lepanthes sp;Ramicaule;Erect;0;0;0;;2;9.5;;;;;0.3309;2.383;0.59;;4.038983051;;;
LH;F04;E3;95;Lepanthes sp.2;Ramicaule;Erect;1;0;0;;3;11.5;;;;;0.343366667;4.158;0.0209848;0.154614154;198.1434181;0.032137892;0.053089347;0.133629354
LH;F04;E3;96;Restrepia antennifera;Ramicaule;Erect;0;0;0;;4;9.4;;;;;0.6124;6.113;0.0554074;0.540539347;110.3282233;0.079360698;0.331026296;0.485131947
LH;F04;E3;97;Restrepia antennifera;Ramicaule;Erect;1;0;0;;6;8.5;;;;;0.789833333;11.035;0.103643;0.936505387;106.4712523;0.075474616;0.739683171;0.832862387
LH;F04;E3;98;Cryptocentrum latifolium;Monopodial;Erect;0;0;0;;1;18.8;;;;;0.534866667;12.364;0.45;0.8208808;27.47555556;0.02999683;0.439061777;0.3708808
LH;F04;E3;99;Cryptocentrum latifolium;Monopodial;Erect;0;0;0;;1;19;;;;;0.564266667;15.145;0.45;1.021669;33.65555556;0.037746385;0.576493761;0.571669
LH;F04;E3;100;Cryptocentrum latifolium;Monopodial;Erect;0;0;0;;1;22.3;;;;;0.588033333;18.522;0.57;1.2654884;32.49473684;0.037549314;0.744149362;0.6954884
LH;F04;E3;101;Restrepia antennifera;Ramicaule;Erect;0;0;0;;8;4.6;;;;;0.487033333;1.924;0.0143552;0.203541837;134.0280874;0.098329853;0.099131659;0.189186637
LH;F04;E2;102;Restrepia antennifera;Ramicaule;Erect;0;0;0;;10;6;;;;;0.4364;5.377;0.0481946;0.481329471;111.568516;0.080553259;0.210052181;0.433134871
LH;F04;E2;104;Campylocentrum micranthum;Leafy stem;Scandent;0;0;0;7;1;5.3;;;;;0.376166667;1.466;0.0157814;0.098187625;92.89416655;0.056211613;0.036934912;0.082406225
LH;F04;E2;105;Restrepia antennifera;Ramicaule;Erect;1;0;0;;7;13.4;;;;;0.7344;6.636;0.0605328;0.582613755;109.6265165;0.078674044;0.427871542;0.522080955
LH;F04;E2;106;Campylocentrum micranthum;Leafy stem;Scandent;0;0;0;33;1;34;;;;;0.404333333;1.529;0.0162791;0.101091804;93.92411128;0.055469395;0.040874786;0.084812704
LH;F04;E2;107;Platystele consobrina;Ramicaule;Erect;1;0;0;;6;1.2;;;;;0.0567;0.113;0.1;;1.13;;;
LH;F04;E2;108;Platystele consobrina;Ramicaule;Erect;1;0;0;;5;0.8;;;;;0.0967;0.125;0.11;;1.136363636;;;
LH;F05;E1;216;Cryptocentrum latifolium;Monopodial;Erect;1;0;1;6;1;30;1.112;0.251;4.422;1.364;0.596666667;20.021;0.0777;1.19;257.6705277;0.055556666;0.710033333;1.1123
LH;F05;E2;217;Cryptocentrum latifolium;Monopodial;Erect;0;0;0;6;1;25;0.466;0.449;1.062;0.916;0.696666667;13.505;0.08;0.78;168.8125;0.051832655;0.5434;0.7
LH;F05;E2;218;Cryptocentrum latifolium;Monopodial;Erect;0;0;0;4;1;26.5;0.556;0.091;6.1;0.648;0.606666667;16.002;0.0989;0.98;161.7997978;0.055061867;0.594533333;0.8811
LH;F05;E2;219;Restrepia antennifera;Ramicaule;Erect;0;0;0;;4;5.5;0.178;0.133;1.374;0.311;0.836666667;3.623;0.0204;0.24;177.5980392;0.060612752;0.2008;0.2196
LH;F05;E2;220;Lankesteriana cuspidata;Ramicaule;Erect;1;0;1;;12;2.3;1.034;0.508;2.033;1.542;0.413333333;0.62;0.00192;0.02;322.9166667;0.02916129;0.008266667;0.01808
LH;F05;E2;221;Lankesteriana cuspidata;Ramicaule;Erect;1;5;0;;12;3.5;0.971;0.321;3.022;1.292;0.433333333;0.6386;0.00186;0.02;343.3333333;0.028405888;0.008666667;0.01814
LH;F05;E2;222;Lankesteriana cuspidata;Ramicaule;Erect;1;6;0;;8;2.5;1.402;0.406;3.508;1.808;0.32;0.4706;0.0158;;29.78481013;;;
LH;F05;E2;223;Lankesteriana cuspidata;Ramicaule;Erect;1;1;0;;6;2.5;;;;;0.263333333;0.3775;0.0011;0.01;343.1818182;0.023576159;0.002633333;0.0089
LH;F05;E3;224;Encyclia prostechea;Pseudobulb;Erect;0;0;0;6;6;40.5;0.501;0.164;3.053;0.666;0.716666667;55.945;0.5998;3.18;93.27275759;0.046120297;2.279;2.5802
LH;F05;E3;225;Stelis vulcanica;Ramicaule;Erect;0;0;0;10;15;51;0.77;0.455;1.692;1.226;1.556666667;59.754;0.6472;7.2;92.32694685;0.109662951;11.208;6.5528
LH;F05;E3;226;Stelis vulcanica;Ramicaule;Erect;0;0;0;7;14;47;;;;;1.543333333;73.216;0.7517;9.88;97.40055873;0.1246763;15.24813333;9.1283
LH;F05;E3;227;Restrepia antennifera;Ramicaule;Erect;0;0;0;;5;6.5;;;;;0.94;5.789;0.0365;0.45;158.6027397;0.071428571;0.423;0.4135
LH;F05;E3;228;Lankesteriana cuspidata;Ramicaule;Erect;0;0;0;;10;2.8;0.762;0.112;7.069;0.873;0.536666667;0.4948;0.0016;0.016;309.25;0.029102668;0.008586667;0.0144
LH;F05;E3;229;Lankesteriana cuspidata;Ramicaule;Erect;0;0;0;;10;2;0.37;0.199;1.91;0.569;0.636666667;0.4018;0.0023;0.016;174.6956522;0.034096565;0.010186667;0.0137
LH;F05;E3;230;Stelis spathulata;Ramicaule;Erect;1;1;0;4;15;14;0.558;0.217;2.664;0.774;0.87;3.975;0.0302;0.29;131.6225166;0.065358491;0.2523;0.2598
LH;F05;E3;231;Stelis spathulata;Ramicaule;Erect;0;0;0;8;14;16;0.865;0.374;2.352;1.239;0.506666667;3.706;0.0263;0.17;140.9125475;0.03877496;0.086133333;0.1437
LH;F05;E3;232;Stelis spathulata;Ramicaule;Erect;0;0;0;7;7;10;0.837;0.09;9.353;0.927;0.643333333;3.074;0.0214;0.17;143.6448598;0.048340924;0.109366667;0.1486
LH;F05;E3;233;Stelis spathulata;Ramicaule;Erect;1;1;0;6;6;9.5;0.493;0.008;61.923;0.501;0.66;2.715;0.0209;0.16;129.9043062;0.051233886;0.1056;0.1391
LH;F05;E3;236;Campylocentrum micranthum;Leafy stem;Scandent;1;0;1;10;3;28.5;0.728;0.534;1.365;1.261;0.373333333;2.757;0.0271;0.12;101.7343173;0.033696046;0.0448;0.0929
LH;F05;E4;237;Epidendrum sp.1;;;1;3;0;;10;30;;;;;0.39;4.635;0.03;0.18;154.5;0.03236246;0.0702;0.15
LH;F05;E4;238;Stelis spathulata;Ramicaule;Erect;1;5;0;10;;10;0.737;0.147;6.004;0.884;0.543333333;2.18;0.0154;0.14;141.5584416;0.057155963;0.076066667;0.1246
LH;F05;E4;240;Stelis spathulata;Ramicaule;Erect;1;5;0;18;20;17;0.729;0.097;7.479;0.826;0.563333333;3.111;0.0263;0.2;118.2889734;0.055834137;0.112666667;0.1737
LH;F05;E4;241;Restrepia antennifera;Ramicaule;Erect;0;0;0;;6;8.5;0.207;0.035;5.887;0.242;0.986666667;5.329;0.0343;0.49;155.3644315;0.085513229;0.483466667;0.4557
LH;F05;E4;242;Restrepia antennifera;Ramicaule;Erect;1;13;0;;6;7;0.501;0.462;1.085;0.964;0.83;5.86;0.057;0.42;102.8070175;0.061945392;0.3486;0.363
LH;F05;E4;243;Epidendrum LH;;;0;0;0;12;4;15;0.404;0.039;5.138;0.422;0.75;2.853;0.027;0.17;105.6666667;0.050122678;0.1275;0.143
LH;F05;E4;244;Epidendrum LH;;;0;0;0;11;2;27;0.34;0.038;8.953;0.378;0.65;2.627;0.0249;0.17;105.502008;0.055234107;0.1105;0.1451
LH;F05;E4;246;Epidendrum LH;;;0;0;0;;8;;0.629;0.193;3.269;0.822;0.54;3.798;0.0274;0.15;138.6131387;0.032280147;0.081;0.1226
LH;F05;E4;247;Oncidium chrysomorphum;Pseudobulb;Erect;0;0;0;12;16;34.5;1.148;0.073;15.701;1.221;0.523333333;63.54;0.7845;3.7;80.99426386;0.045884482;1.936333333;2.9155
LH;F05;E5;248;Stelis vulcanica;Ramicaule;Erect;0;0;0;;14;36;0.37;0.252;1.565;0.622;1.83;44.986;0.7596;7.41;59.22327541;0.147832659;13.5603;6.6504
LH;F05;E5;249;Stelis vulcanica;Ramicaule;Erect;0;0;0;;6;32;;;;;1.863333333;50.097;0.7824;8.62;64.02990798;0.15644849;16.06193333;7.8376
LH;F05;E5;250;Stelis spathulata;Ramicaule;Erect;1;5;0;;6;13;1.015;0.246;4.411;1.261;0.563333333;2.907;0.0187;0.19;155.4545455;0.058926729;0.107033333;0.1713
LH;F05;E5;251;Stelis spathulata;Ramicaule;Erect;1;16;0;;23;17;0.451;0.105;120.981;0.556;0.566666667;2.996;0.0264;0.2;113.4848485;0.057943925;0.113333333;0.1736
LH;F05;E5;252;Pleurothallis hystrix;Ramicaule;Prostrate;0;0;0;9;9;36;0.447;0.203;2.204;0.65;0.676666667;2.56;0.0372;0.19;68.8172043;0.0596875;0.128566667;0.1528
LH;F05;E5;253;Stelis spathulata;Ramicaule;Erect;0;0;0;11;11;15;0.464;0.175;8.694;0.639;0.563333333;2.255;0.0222;0.14;101.5765766;0.052239468;0.078866667;0.1178
LH;F05;E5;254;Stelis spathulata;Ramicaule;Erect;0;0;0;10;10;14;0.335;0.063;5.276;0.398;0.64;2.862;0.0237;0.22;120.7594937;0.0685884;0.1408;0.1963
LH;F05;E5;255;Stelis spathulata;Ramicaule;Erect;1;8;0;9;9;12;0.438;0.042;8.191;0.473;0.473333333;2.233;0.0232;0.12;96.25;0.043349754;0.0568;0.0968
LH;F07;E3;256;Cryptocentrum latifolium;Monopodial;Erect;0;0;0;5;1;10;0.561;0.066;8.543;0.627;0.313333333;4.315;0.0232;0.27;185.9913793;0.057195829;0.0846;0.2468
LH;F07;E3;257;Restrepia antennifera;Ramicaule;Erect;1;1;0;5;5;13;0.328;0.273;1.213;0.601;0.893333333;7.727;0.0525;0.68;147.1809524;0.081208749;0.607466667;0.6275
LH;F07;E3;258;Restrepia antennifera;Ramicaule;Erect;0;0;0;4;4;8;0.531;0.219;2.427;0.749;0.84;5.752;0.0447;0.46;128.6800895;0.072200974;0.3864;0.4153
LH;F07;E3;260;Stelis argentata;Ramicaule;Erect;0;0;0;5;5;17.3;0.507;0.139;3.651;0.645;1.423333333;13.142;0.1033;1.59;127.2216844;0.113125856;2.2631;1.4867
LH;F07;E3;262;Restrepia antennifera;Ramicaule;Erect;0;0;0;3;3;14.5;;;;;0.85;4.449;0.039;0.34;114.0769231;0.067655653;0.289;0.301
LH;F07;E4;263;Restrepia antennifera;Ramicaule;Erect;0;0;0;6;6;10.5;0.237;0;0;0.188;0.92;9.288;0.0574;0.74;161.8118467;0.073492679;0.6808;0.6826
LH;F07;E4;264;Restrepia antennifera;Ramicaule;Erect;0;0;0;3;3;6;;;;;1.066666667;5.125;0.0364;0.49;140.7967033;0.088507317;0.522666667;0.4536
LH;F07;E4;265;Lepanthopsis floripecten;Ramicaule;Erect;0;0;0;7;7;4.5;0.521;0.131;3.969;0.653;0.53;0.597;0.0032;0.035;186.5625;0.053266332;0.01855;0.0318
LH;F07;E4;268;Lepanthes sp.3;Ramicaule;Erect;0;0;0;;4;4;1.045;0.354;2.994;1.398;0.463333333;0.949;0.0028;0.04;338.9285714;0.039199157;0.018533333;0.0372
LH;F07;E4;269;Lepanthes sp.2;Ramicaule;Erect;1;1;0;3;3;7.5;1.143;0.343;3.401;1.486;0.38;2.946;0.0118;0.12;249.6610169;0.036727766;0.0456;0.1082
LH;F07;E4;271;Dichaea hystricina;Leafy stem;Scandent;0;0;0;;4;15;;;;;0.26;0.001416667;0.000166667;0.0006375;8.5;0.332352941;0.00016575;0.000470833
LH;F07;E4;272;Dichaea hystricina;Leafy stem;Scandent;0;0;0;;4;6;1.039;0.349;3.099;1.388;0.11;0.044;0.0038;0.0205;11.57894737;0.379545455;0.002255;0.0167
LH;F07;E4;273;Dichaea hystricina;Leafy stem;Scandent;0;0;0;;3;10;1.864;0.544;3.516;2.408;0.1;0.007666667;0.000277778;0.001311111;27.6;0.134782609;0.000131111;0.001033333
LH;F07;E5;274;Stelis spathulata;Ramicaule;Erect;1;1;0;;3;11;;;;;0.666666667;2.164;0.0141;0.15;153.4751773;0.06280037;0.1;0.1359
LH;F07;E5;275;Stelis spathulata;Ramicaule;Erect;0;0;0;;4;8;0.306;0.208;1.498;0.513;0.616666667;1.682;0.014;0.13;120.1428571;0.068965517;0.080166667;0.116
LH;F07;E5;276;Stelis spathulata;Ramicaule;Erect;0;0;0;;6;9;0.641;0.003;186.291;0.644;0.846666667;2.547;0.0222;0.21;114.7297297;0.073733804;0.1778;0.1878
LH;F07;E5;277;Stelis spathulata;Ramicaule;Erect;1;1;0;;4;8;0.261;0.031;8.377;0.292;0.993333333;1.8;0.0152;0.16;118.4210526;0.080444444;0.158933333;0.1448
LH;F07;E5;278;Restrepia antennifera;Ramicaule;Erect;0;0;0;;5;6.5;0.405;0.015;9.353;0.342;1.113333333;5.31;0.0413;0.47;128.5714286;0.080734463;0.523266667;0.4287
LH;F07;E5;279;Restrepia antennifera;Ramicaule;Erect;0;0;0;;7;6.5;0.759;0.083;9.169;0.841;0.926666667;4.282;0.0303;0.32;141.320132;0.067655301;0.296533333;0.2897
LH;F07;E5;280;Restrepia antennifera;Ramicaule;Erect;0;0;0;;5;6;0.48;0.335;1.435;0.816;1.053333333;3.338;0.0288;0.31;115.9027778;0.084242061;0.326533333;0.2812
LH;F07;E5;281;Lepanthopsis floripecten;Ramicaule;Erect;0;0;0;;7;5;0.434;0.336;1.336;0.769;0.616666667;0.79;0.006;0.05;131.6666667;0.055696203;0.030833333;0.044
LH;F07;E5;282;Lepanthes sp.1;Ramicaule;Erect;1;1;0;;16;4;0.913;0.312;3.078;1.225;0.573333333;0.4646;0.00248;0.018;187.3387097;0.03340508;0.01032;0.01552
LH;F07;E5;283;Lepanthes sp.1;Ramicaule;Erect;0;0;0;;12;4;0.419;0.274;1.532;0.693;0.666666667;0.52;0.0037;0.02;140.5405405;0.031346154;0.013333333;0.0163
LH;F07;E5;284;Lepanthes sp.2;Ramicaule;Erect;1;1;0;;5;8;0.62;0.174;3.553;0.794;0.443333333;3;0.008;0.13;375;0.040666667;0.057633333;0.122
LH;F07;E5;285;Lepanthes sp.3;Ramicaule;Erect;0;0;0;;3;8.5;0.991;0.289;3.474;1.28;0.386666667;3.483;0.017;0.16;204.8823529;0.04105656;0.061866667;0.143
LH;F07;E5;286;Campylocentrum micranthum;Leafy stem;Scandent;0;0;0;14;1;49;0.514;0.257;2.06;0.771;0.63;0.816;0.009;0.04;90.66666667;0.037990196;0.0252;0.031
LH;F06;E5;290;Oncidium pictum;Pseudobulb;Erect;1;1;0;8;16;34.4;1.628;0.706;2.311;2.335;0.443333333;51.995;0.4304;2.3;120.8062268;0.035957304;1.019666667;1.8696
LH;F06;E5;291;Encyclia prostechea;Pseudobulb;Erect;0;0;0;9;4;35;0.91;0.191;4.77;1.101;0.556666667;24.566;0.166;1.25;147.9879518;0.044126028;0.695833333;1.084
LH;F06;E5;292;Restrepia antennifera;Ramicaule;Erect;0;0;0;;7;7;0.187;0.072;1.916;0.255;0.623333333;5.852;0.034;0.37;172.1176471;0.057416268;0.230633333;0.336
LH;F06;E5;293;Restrepia antennifera;Ramicaule;Erect;0;0;0;;6;7.5;0.52;0.339;1.578;0.858;0.77;5.183;0.0486;0.38;106.6460905;0.063939803;0.2926;0.3314
LH;F06;E5;294;Stelis spathulata;Ramicaule;Erect;1;3;0;;6;10.5;0.447;0.168;2.659;0.615;0.77;2.368;0.0185;0.18;128;0.068201014;0.1386;0.1615
LH;F06;E5;295;Stelis spathulata;Ramicaule;Erect;1;7;0;;10;12;0.802;0.13;6.186;0.932;0.63;4.059;0.0281;0.27;144.4483986;0.05959596;0.1701;0.2419
LH;F06;E5;296;Stelis spathulata;Ramicaule;Erect;1;5;0;;6;9.5;0.516;0.226;2.283;0.742;0.69;2.71;0.0227;0.19;119.3832599;0.061734317;0.1311;0.1673
LH;F06;E5;297;Stelis spathulata;Ramicaule;Erect;1;4;0;;4;13;;;;;0.75;2.736;0.03;0.21;91.2;0.065789474;0.1575;0.18
LH;F06;E5;298;Dichaea hystricina;Leafy stem;Scandent;1;0;0;;;;1.951;0.765;2.557;2.715;0.37;0.0023;0.000365;0.001715;6.301369863;0.586956522;0.00063455;0.00135
LH;F06;E5;299;Stelis vulcanica;Ramicaule;Erect;0;0;0;5;7;42;0.372;0.08;5.459;0.451;1.456666667;55.47;0.7158;8.12;77.49371333;0.133481161;11.82813333;7.4042
LH;F06;E4;386;Campylocentrum micranthum;Leafy stem;Scandent; ;0;0;9;1;8.9;0.299;0.173;1.733;0.472;0.586666667;1.315;0.0124;0.09;106.0483871;0.059011407;0.0528;0.0776
LH;F06;E4;387;Restrepia antennifera;Ramicaule;Erect;0;0;0;3;3;8;0.405;0.247;1.658;0.651;1.38;7.019;0.0797;0.87;88.06775408;0.112594387;1.2006;0.7903
LH;F06;E4;388;Restrepia antennifera;Ramicaule;Erect;0;0;0;5;5;8.5;0.358;0.212;1.686;0.57;0.916666667;9.77;0.0723;0.84;135.131397;0.078577277;0.77;0.7677
LH;F06;E4;389;Restrepia antennifera;Ramicaule;Erect;0;0;0;7;7;5.5;0.262;0.069;8.369;0.331;0.943333333;3.873;0.0325;0.33;119.1692308;0.076813839;0.3113;0.2975
LH;F06;E4;390;Stelis spathulata;Ramicaule;Erect;1;10;0;17;17;13.5;0.483;0.004;61.923;0.473;0.78;3.432;0.027;0.27;127.1111111;0.070804196;0.2106;0.243
LH;F06;E4;391;Stelis spathulata;Ramicaule;Erect;1;3;0;4;6;11;0.309;0.214;1.458;0.523;0.73;4.489;0.0373;0.3;120.3485255;0.058520829;0.219;0.2627
LH;F06;E4;393;Stelis spathulata;Ramicaule;Erect;1;3;0;;4;10;0.731;0.196;10.999;0.927;0.546666667;2.809;0.0232;0.16;121.0775862;0.048700605;0.087466667;0.1368
LH;F06;E3;395;Oncidium pictum;Pseudobulb;Erect;0;0;0;4;10;31;;;;;0.46;33.389;0.2682;1.64;124.4929157;0.041085387;0.7544;1.3718
LH;F06;E3;397;Restrepia antennifera;Ramicaule;Erect;0;0;0;5;5;11;0.203;0.144;2.277;0.347;1.18;10.404;0.1031;0.96;100.9117362;0.082362553;1.1328;0.8569
LH;F06;E3;398;Stelis spathulata;Ramicaule;Erect;1;4;0;;11;14;0.432;0.176;2.463;0.608;0.46;4.949;0.0373;0.36;132.6809651;0.065205092;0.1656;0.3227
LH;F06;E3;399;Stelis spathulata;Ramicaule;Erect;0;0;0;;9;11;0.339;0.13;2.785;0.469;0.883333333;3.153;0.0299;0.24;105.451505;0.066634951;0.212;0.2101
LH;F06;E3;400;Stelis spathulata;Ramicaule;Erect;1;6;0;;14;11.5;0.496;0.19;3.275;0.686;0.72;2.421;0.0169;0.17;143.2544379;0.063238331;0.1224;0.1531
LH;F06;E3;401;Campylocentrum micranthum;Leafy stem;Scandent;0;0;0;22;1;24.5;0.878;0.516;1.704;1.395;0.936666667;1.101;0.0161;0.09;68.38509317;0.067120799;0.0843;0.0739
LH;F06;E3;402;Lepanthes sp.3;Ramicaule;Erect;0;0;0;6;6;7;0.513;0.128;7.039;0.641;0.43;2.29;0.0161;0.11;142.2360248;0.041004367;0.0473;0.0939
LH;F06;E3;403;Stelis argentata;Ramicaule;Erect;0;0;0;6;6;10;0.294;0.267;1.101;0.561;1.2;3.645;0.0358;0.36;101.8156425;0.088943759;0.432;0.3242
LH;F06;E3;404;Cryptocentrum latifolium;Monopodial;Erect;0;0;0;1;1;20;0.463;0.092;5.042;0.554;0.516666667;19.221;0.1408;1.39;136.5127841;0.064991416;0.718166667;1.2492
LH;F06;E3;405;Dichaea pendula;Leafy stem;Scandent;0;0;0;;2;37;0.89;0.258;3.45;1.148;0.106666667;0.062777778;0.002422222;0.012222222;25.91743119;0.156106195;0.001303704;0.0098
LH;F06;E3;406;Dichaea hystricina;Leafy stem;Scandent;0;0;0;;8;18;2.013;0.688;2.932;2.701;0.17;0.002411765;0.000194118;0.000694118;12.42424242;0.207317073;0.000118;0.0005
LH;F06;E2;407;Cryptocentrum latifolium;Monopodial;Erect;0;0;0;5;1;26;0.639;0.211;3.124;0.85;0.633333333;15.424;;1.03;;;0.652333333;1.03
LH;F06;E2;408;Cryptocentrum latifolium;Monopodial;Erect;0;0;0;4;1;20;0.41;0.24;1.754;0.65;0.683333333;13.768;0.0904;0.98;152.300885;0.064613597;0.669666667;0.8896
LH;F06;E2;409;Cryptocentrum latifolium;Monopodial;Erect;0;0;0;6;1;27;0.667;0.083;5.535;0.738;0.656666667;24.036;0.1657;1.88;145.0573325;0.071322183;1.234533333;1.7143
LH;F06;E2;410;Cryptocentrum latifolium;Monopodial;Erect;0;0;0;5;1;22;0.561;0.364;1.571;0.925;0.636666667;17.68;0.1051;1.22;168.2207422;0.063059955;0.776733333;1.1149
LH;F06;E2;411;Stelis spathulata;Ramicaule;Erect;0;0;0;;8;11;0.616;0;0;0.609;0.526666667;2.802;0.0195;0.19;143.6923077;0.060849393;0.100066667;0.1705
LH;F06;E2;412;Stelis spathulata;Ramicaule;Erect;0;0;0;;7;9.5;0.69;0.289;2.453;0.979;0.886666667;3.008;0.0193;0.21;155.8549223;0.063397606;0.1862;0.1907
LH;F06;E2;413;Restrepia antennifera;Ramicaule;Erect;0;0;0;;6;15;0.304;0.147;2.529;0.452;1.383333333;17.155;0.2163;1.88;79.31114193;0.096980472;2.600666667;1.6637
LH;F06;E2;414;Restrepia antennifera;Ramicaule;Erect;0;0;0;;7;12;0.544;0.086;7.246;0.63;1.02;6.016;0.0563;0.53;106.8561279;0.078740027;0.5406;0.4737
LH;F06;E2;415;Dichaea pendula;Leafy stem;Scandent;0;0;0;;1;53;0.976;0.372;2.635;1.349;0.32;0.098166667;0.002416667;0.015;40.62068966;0.128183362;0.0048;0.012583333
LH;F06;E2;416;Restrepia antennifera;Ramicaule;Erect;1;1;0;;7;35;0.64;0.371;1.741;1.011;0.956666667;10.149;0.1886;0.86;53.81230117;0.066154301;0.822733333;0.6714
LH;F06;E2;417;Dichaea pendula;Leafy stem;Scandent;0;0;0;;2;22;0.796;0.293;2.736;1.09;0.22;0.395;0.0147;0.1;26.8707483;0.215949367;0.022;0.0853
LH;F06;E2;418;Lepanthes sp.3;Ramicaule;Erect;0;0;0;;3;4.5;0.725;0.283;2.569;1.008;0.33;0.899;0.002;0.01;449.5;0.008898776;0.0033;0.008
LH;F09;E4;300;Stelis spathulata;Ramicaule;Erect;0;0;0;10;8;12.7;0.416;0.321;1.296;0.737;0.826666667;2.295;;0.18;;;0.1488;0.18
LH;F09;E4;302;Stelis spathulata;Ramicaule;Erect;0;0;0;4;5;11;0.657;0.489;1.35;1.145;0.693333333;2.779;0.0224;0.2;124.0625;0.063907881;0.138666667;0.1776
LH;F09;E4;303;Restrepia antennifera;Ramicaule;Erect;0;0;0;;6;10.5;0.216;0.053;4.066;0.27;1.09;6.512;0.071;0.65;91.71830986;0.088912776;0.7085;0.579
LH;F09;E4;304;Restrepia antennifera;Ramicaule;Erect;0;0;0;;8;6.2;0.173;0;0;0.11;0.83;4.584;0.0461;0.37;99.43600868;0.070658813;0.3071;0.3239
LH;F09;E4;305;Restrepia antennifera;Ramicaule;Erect;0;0;0;;4;9.3;0.231;0.046;5.042;0.277;0.893333333;8.832;0.1012;0.81;87.27272727;0.080253623;0.7236;0.7088
LH;F09;E4;306;Oncidium pictum;Pseudobulb;Erect;0;0;0;4;3;9;;;;;0.31;6.222;0.0527;0.24;118.0645161;0.030102861;0.0744;0.1873
LH;F09;E4;307;Stelis argentata;Ramicaule;Erect;0;0;0;;4;8.5;0.172;0.32;0.542;0.492;1.54;4.764;0.1017;0.68;46.84365782;0.121389589;1.0472;0.5783
LH;F09;E5;309;Dichaea hystricina;Leafy stem;Scandent;0;0;0;;4;5;;;;;0.3;0.002380952;0.000219048;0.001166667;10.86956522;0.398;0.00035;0.000947619
LH;F09;E5;310;Dichaea hystricina;Leafy stem;Scandent;0;0;0;;10;10.5;1.51;0.398;3.793;1.908;0.2;0.014111111;0.000588889;0.003466667;23.96226415;0.203937008;0.000693333;0.002877778
LH;F09;E5;311;Dichaea hystricina;Leafy stem;Scandent;0;0;0;;9;8;1.092;0.284;3.841;1.376;0.186666667;0.005928571;0.00055;0.002742857;10.77922078;0.369879518;0.000512;0.002192857
LH;F09;E5;312;Restrepia antennifera;Ramicaule;Erect;0;0;0;1;4;13.5;0.108;0.061;1.765;0.169;1.14;15.258;0.1031;1.57;147.9922405;0.09613973;1.7898;1.4669
LH;F09;E5;313;Restrepia antennifera;Ramicaule;Erect;0;0;0;;5;16.5;0.064;0.014;4.518;0.078;1.08;15.857;0.1261;1.59;125.7494052;0.09231885;1.7172;1.4639
LH;F09;E5;314;Restrepia antennifera;Ramicaule;Erect;1;0;1;;4;10.2;0.015;0;0;0.007;1.116666667;6.369;0.0566;0.63;112.5265018;0.090029832;0.7035;0.5734
LH;F09;E5;315;Restrepia antennifera;Ramicaule;Erect;0;0;0;;3;8.5;0.461;0.299;1.579;0.76;0.87;9.168;0.0676;0.72;135.6213018;0.071160558;0.6264;0.6524
LH;F09;E5;316;Stelis spathulata;Ramicaule;Erect;0;0;0;;13;14.5;;;;;0.823333333;4.269;0.0376;0.35;113.537234;0.07317873;0.288166667;0.3124
LH;F09;E5;317;Stelis spathulata;Ramicaule;Erect;0;0;0;8;8;11;0.313;0.001;186.291;0.284;0.736666667;3.226;0.0291;0.27;110.8591065;0.07467452;0.1989;0.2409
LH;F09;E5;318;Stelis spathulata;Ramicaule;Erect;0;0;0;;7;8.5;0.615;0.165;3.717;0.78;0.78;2.256;0.0167;0.17;135.0898204;0.067952128;0.1326;0.1533
LH;F09;E5;319;Stelis spathulata;Ramicaule;Erect;1;8;1;;22;14.5;0.5;0.302;1.659;0.803;0.8;4.275;0.0365;0.36;117.1232877;0.075672515;0.288;0.3235
LH;F09;E5;320;Stelis spathulata;Ramicaule;Erect;0;0;0;;11;13;0.467;0.135;3.452;0.603;0.906666667;3.132;0.0266;0.3;117.7443609;0.087292465;0.272;0.2734
LH;F09;E5;321;Sygmatostalix sergii;Ramicaule;Erect;1;5;0;;5;17;0.454;0.005;99.452;0.458;0.376666667;3.965;0.0245;0.2;161.8367347;0.044262295;0.075333333;0.1755
LH;F09;E5;322;Sygmatostalix sergii;Ramicaule;Erect;1;4;0;;3;7;;;;;0.386666667;2.294;0.0143;0.11;160.4195804;0.041717524;0.042533333;0.0957
LH;F09;E5;323;Lepanthes sp.2;Ramicaule;Erect;1;2;0;;3;11;0.724;0.421;1.723;1.145;0.423333333;4.157;0.0214;0.18;194.2523364;0.038152514;0.0762;0.1586
LH;F09;E5;324;Oncidium pictum;Pseudobulb;Erect;0;0;0;7;6;35;1.195;0.302;3.96;1.497;0.483333333;62.254;0.5175;2.99;120.2975845;0.039716323;1.445166667;2.4725
LH;F09;E5;325;Lepanthes sp.3;Ramicaule;Erect;0;0;0;;3;10.5;0.837;0.09;9.353;0.927;0.356666667;6.025;0.0414;0.22;145.531401;0.029643154;0.078466667;0.1786
LH;F09;E5;326;Lepanthes sp.3;Ramicaule;Erect;0;0;0;;2;11.3;0.742;0.297;2.613;1.039;0.39;3.941;0.0196;0.15;201.0714286;0.033088049;0.0585;0.1304
LH;F09;E3;327;Stelis spathulata;Ramicaule;Erect;0;0;0;;4;10;0.323;0.322;1.019;0.644;1;2.287;0.0221;0.19;103.4841629;0.073414954;0.19;0.1679
LH;F09;E3;329;Stelis spathulata;Ramicaule;Erect;1;2;0;;5;7;0.261;0.031;8.377;0.292;0.85;1.525;0.0155;0.12;98.38709677;0.06852459;0.102;0.1045
LH;F09;E3;330;Stelis spathulata;Ramicaule;Erect;1;3;0;;9;9;0.364;0.049;7.479;0.413;0.78;2.023;0.015;0.14;134.8666667;0.061789422;0.1092;0.125
LH;F09;E3;331;Restrepia antennifera;Ramicaule;Erect;0;0;0;;2;9.5;0.458;0.201;2.338;0.659;0.766666667;7.394;0.092;0.59;80.36956522;0.067351907;0.452333333;0.498
LH;F09;E3;332;Cryptocentrum latifolium;Monopodial;Erect;0;0;0;4;1;16;0.251;0.013;19.272;0.264;0.736666667;6.661;;0.5;;;0.368333333;0.5
LH;F09;E3;333;Lepanthopsis floripecten;Ramicaule;Erect;0;0;0;;10;5;;;;;0.326666667;0.367;0.0039;;94.1025641;;;
LH;F09;E3;334;Lepanthopsis floripecten;Ramicaule;Erect;0;0;0;;6;4.5;0.573;0.209;2.947;0.782;0.58;0.764;0.0073;0.0454;104.6575342;0.04986911;0.026332;0.0381
LH;F09;E3;335;Lepanthopsis floripecten;Ramicaule;Erect;0;0;0;;9;4.5;;;;;0.49;0.525;0.0053;0.0362;99.05660377;0.058857143;0.017738;0.0309
LH;F09;E3;336;Lepanthopsis floripecten;Ramicaule;Erect;0;0;0;;3;3.5;0.677;0.029;8.125;0.655;0.466666667;0.637;0.0069;0.0345;92.31884058;0.0433281;0.0161;0.0276
LH;F09;E3;337;Lepanthes sp.1;Ramicaule;Erect;1;2;0;;10;5.3;0.773;0.408;1.898;1.181;0.52;0.221;0.0021;0.0205;105.2380952;0.083257919;0.01066;0.0184
LH;F09;E2;339;Dichaea hystricina;Leafy stem;Scandent;0;0;0;;3;6;0.92;0.209;4.403;1.129;0.183333333;0.002541667;0.000366667;0.001670833;6.931818182;0.513114754;0.000306319;0.001304167
LH;F09;E2;340;Dichaea hystricina;Leafy stem;Scandent;0;0;0;;3;4;1.23;0.331;3.718;1.56;0.236666667;0.0095;0.0003375;0.0025;28.14814815;0.227631579;0.000591667;0.0021625
LH;F09;E1;341;Restrepia antennifera;Ramicaule;Erect;0;0;0;;6;3.5;0.752;0.281;2.688;1.033;0.66;1.327;0.0047;0.07;282.3404255;0.049208742;0.0462;0.0653
LH;F09;E1;342;Lepanthes sp.2;Ramicaule;Erect;0;0;0;;5;3.5;0.475;0.015;11.591;0.461;0.386666667;1.092;;0.03;;;0.0116;0.03
LH;F09;E1;343;Lepanthes sp.2;Ramicaule;Erect;0;0;0;;6;4;0.472;0.11;4.299;0.582;0.32;1.635;0.0043;0.04;380.2325581;0.021834862;0.0128;0.0357
LH;F09;E1;344;Lepanthes sp.2;Ramicaule;Erect;0;0;0;;2;5.5;;;;;0.45;1.917;0.0054;0.08;355;0.038914971;0.036;0.0746
LH;F09;E1;345;Restrepia antennifera;Ramicaule;Erect;0;0;0;;5;4.5;0.162;0.057;2.836;0.219;0.63;2.301;0.0108;0.12;213.0555556;0.047457627;0.0756;0.1092
LH;F09;E1;346;Lepanthes sp.2;Ramicaule;Erect;1;2;0;;4;5;0.62;0.105;8.321;0.726;0.303333333;1.714;0.0061;0.05;280.9836066;0.025612602;0.015166667;0.0439
LH;F09;E1;347;Stelis sp.2;Ramicaule;Erect;1;1;0;;4;3.2;0.553;0.33;1.686;0.883;0.483333333;0.967;0.0039;0.04;247.9487179;0.037331954;0.019333333;0.0361
LH;F08;E2;349;Campylocentrum micranthum;Leafy stem;Scandent;0;0;0;;1;6.5;0.448;0.099;4.518;0.547;0.773333333;1.376;0.0127;0.1;108.3464567;0.063444767;0.077333333;0.0873
LH;F08;E2;350;Campylocentrum micranthum;Leafy stem;Scandent;0;0;0;;1;7;0.374;0.136;2.748;0.509;0.793333333;1.68;0.0159;0.12;105.6603774;0.061964286;0.0952;0.1041
LH;F08;E3;352;Oncidium pictum;Pseudobulb;Erect;0;0;0;7;9;30;1.541;0.543;2.841;2.084;0.516666667;31.308;0.3505;1.73;89.32382311;0.044062221;0.893833333;1.3795
LH;F08;E3;353;Stelis spathulata;Ramicaule;Erect;0;0;0;;6;7;0.146;0.18;0.936;0.326;0.54;1.468;0.0097;0.11;151.3402062;0.068324251;0.0594;0.1003
LH;F08;E3;354;Lepanthes sp.2;Ramicaule;Erect;0;0;0;;4;6;0.776;0.303;2.58;1.08;0.323333333;2.098;0.0066;0.07;317.8787879;0.030219256;0.022633333;0.0634
LH;F08;E3;355;Stelis spathulata;Ramicaule;Erect;0;0;0;;9;4.5;0.527;0.213;2.554;0.74;0.866666667;1.55;;0.12;;;0.104;0.12
LH;F08;E3;356;Campylocentrum micranthum;Leafy stem;Scandent;0;0;0;;1;7.5;0.596;0.293;2.057;0.889;0.736666667;1.547;0.0163;0.11;94.90797546;0.060568843;0.081033333;0.0937
LH;F08;E3;357;Campylocentrum micranthum;Leafy stem;Scandent;0;0;0;;1;10;0.818;0.351;2.372;1.169;0.556666667;1.213;0.0128;0.07;94.765625;0.047155812;0.038966667;0.0572
LH;F08;E3;358;Campylocentrum micranthum;Leafy stem;Scandent;0;0;0;;1;5;;;;;0.55;0.868;0.0083;0.05;104.5783133;0.048041475;0.0275;0.0417
LH;F08;E3;359;Stelis spathulata;Ramicaule;Erect;0;0;0;;9;7;0.387;0.114;4.381;0.501;0.763333333;2.308;0.0174;0.18;132.6436782;0.070450607;0.1374;0.1626
LH;F08;E3;360;Restrepia antennifera;Ramicaule;Erect;0;0;0;;5;7;0.207;0.035;5.887;0.242;0.97;5.894;0.0628;0.57;93.85350318;0.086053614;0.5529;0.5072
LH;F08;E3;361;Restrepia antennifera;Ramicaule;Erect;0;0;0;;3;5;0.588;0.198;3.534;0.786;0.7;3.935;0.0313;0.26;125.7188498;0.058119441;0.182;0.2287
LH;F08;E4;362;Oncidium pictum;Pseudobulb;Erect;0;0;0;7;7;53;0.772;0.214;3.617;0.986;0.463333333;65.358;0.7267;3.46;89.93807624;0.041820435;1.603133333;2.7333
LH;F08;E4;364;Restrepia antennifera;Ramicaule;Erect;0;0;0;;8;5.5;0.527;0.259;2.038;0.786;0.72;3.389;0.0258;0.26;131.3565891;0.069105931;0.1872;0.2342
LH;F08;E4;365;Restrepia antennifera;Ramicaule;Erect;0;0;0;;7;4.5;0.458;0.048;9.511;0.506;0.463666667;2.07;0.0175;0.14;118.2857143;0.059178744;0.064913333;0.1225
LH;F08;E4;366;Restrepia antennifera;Ramicaule;Erect;0;0;0;;14;7;0.462;0.126;3.677;0.589;0.64;1.838;0.0137;0.13;134.1605839;0.063275299;0.0832;0.1163
LH;F08;E4;368;Stelis spathulata;Ramicaule;Erect;0;0;0;;4;9;0.647;0.138;4.731;0.785;0.543333333;2.231;0.0147;0.14;151.7687075;0.056163156;0.076066667;0.1253
LH;F08;E4;369;Stelis spathulata;Ramicaule;Erect;0;0;0;;4;5.5;0.458;0.329;1.399;0.787;0.726666667;1.297;0.0086;0.09;150.8139535;0.062760216;0.0654;0.0814
LH;F08;E4;370;Lepanthes sp.2;Ramicaule;Erect;0;0;0;;2;5;0.762;0.299;2.582;1.061;0.293333333;1.563;0.007;0.06;223.2857143;0.033909149;0.0176;0.053
LH;F08;E4;371;Oncidium pictum;Pseudobulb;Erect;0;0;0;4;2;16;1.796;0.371;4.842;2.167;0.273333333;12.171;0.0812;0.38;149.8891626;0.02455016;0.103866667;0.2988
LH;F08;E4;372;Campylocentrum micranthum;Leafy stem;Scandent;0;0;0;;1;24;0.563;0.302;1.971;0.865;0.74;1.909;0.0183;0.12;104.3169399;0.053273965;0.0888;0.1017
LH;F08;E4;373;Campylocentrum micranthum;Leafy stem;Scandent;0;0;0;;2;19;0.362;0.126;5.305;0.488;0.613333333;1.003;0.0109;0.06;92.01834862;0.048953141;0.0368;0.0491
LH;F08;E4;374;Campylocentrum micranthum;Leafy stem;Scandent;0;0;0;;1;8;0.669;0.196;4.165;0.865;0.62;0.841;0.0097;0.06;86.70103093;0.05980975;0.0372;0.0503
LH;F08;E4;375;Lepanthes sp.2;Ramicaule;Erect;1;2;0;;2;6.5;0.795;0.385;2.066;1.181;0.376666667;2.012;0.0121;0.07;166.2809917;0.028777336;0.026366667;0.0579
LH;F08;E5;379;Restrepia antennifera;Ramicaule;Erect;0;0;0;;11;6;0.37;0;0;0.324;0.896666667;6.232;0.0616;0.49;101.1688312;0.068741977;0.439366667;0.4284
LH;F08;E5;380;Restrepia antennifera;Ramicaule;Erect;0;0;0;;10;7;0.413;0.139;2.964;0.552;0.74;3.975;0.048;0.26;82.8125;0.053333333;0.1924;0.212
LH;F08;E5;381;Restrepia antennifera;Ramicaule;Erect;0;0;0;;7;9.5;0.784;0.219;3.652;1.003;1.06;13.691;0.1318;1.23;103.8770865;0.080213279;1.3038;1.0982
LH;F08;E5;382;Lepanthes sp.2;Ramicaule;Erect;1;1;0;;2;5;0.709;0.061;11.591;0.771;0.29;2.106;0.0129;0.06;163.255814;0.022364672;0.0174;0.0471
LH;F08;E5;383;Stelis spathulata;Ramicaule;Erect;1;6;0;;4;10;0.69;0.289;2.397;0.979;0.443333333;1.556;0.0176;0.07;88.40909091;0.033676093;0.031033333;0.0524
LH;F08;E5;384;Stelis spathulata;Ramicaule;Erect;1;5;0;;6;11.5;0.634;0.213;3.039;0.847;0.613333333;2.698;0.0327;0.18;82.50764526;0.054595997;0.1104;0.1473
LH;F08;E5;385;Stelis spathulata;Ramicaule;Erect;1;2;0;;8;14.5;;;;;0.506666667;3.194;0.0333;0.15;95.91591592;0.036537257;0.076;0.1167
RY;F11;E1;110;Pleurothallis hystrix;Ramicaule;Prostrate;0;0;0;;;130;0.33;0.02;16.64;0.35;0.756666667;5.968;0.0441;0.38;135.3287982;0.056283512;0.287533333;0.3359
RY;F11;E1;111;Stelis argentata;Ramicaule;Erect;0;0;0;;8;14.5;0.276;0.024;11.591;0.3;1.47;18.397;0.1324;2.36;138.9501511;0.12108496;3.4692;2.2276
RY;F11;E1;112;Lankesteriana cuspidata;Ramicaule;Erect;1;15;0;;30;3.1;0.607;0.273;2.295;0.879;0.455;0.404;0.00158;0.008;255.6962025;0.015891089;0.00364;
RY;F11;E1;113;Lankesteriana cuspidata;Ramicaule;Erect;1;11;1;;15;3;0.597;0.377;1.609;0.974;0.703333333;0.5372;0.00246;0.022;218.3739837;0.03637379;0.015473333;0.01954
RY;F11;E1;114;Lankesteriana cuspidata;Ramicaule;Erect;1;11;0;;11;3;0.26;0.169;1.535;0.429;0.49;0.5148;0.0026;0.018;198;0.02991453;0.00882;0.0154
RY;F11;E1;115;Epidendrum RY;Ramicaule;Prostrate;1;0;0;;6;150;0.581;0.102;5.697;0.683;0.593333333;7.074;0.0675;0.39;104.8;0.045589483;0.2314;0.3225
RY;F11;E3;116;Pleurothallis hystrix;Ramicaule;Erect;0;0;0;;;;0.32;0.2;1.658;0.521;1.06;5.499;0.0523;0.51;105.1434034;0.083233315;0.5406;0.4577
RY;F11;E3;118;Mormolyca rufescens;Pseudobulb;Erect;0;0;0;4;8;22.7;1.249;0.367;3.404;1.616;0.563333333;36.54;0.4605;2.15;79.3485342;0.046237001;1.211166667;1.6895
RY;F11;E3;119;Stelis spathulata;Ramicaule;Erect;0;0;0;;11;12.5;0.148;0.014;4.518;0.143;1.346666667;5.739;0.0666;0.62;86.17117117;0.096427949;0.834933333;0.5534
RY;F11;E3;120;Stelis spathulata;Ramicaule;Erect;1;0;0;;18;8;0.422;0.379;1.139;0.802;0.756666667;2.001;0.0231;0.14;86.62337662;0.05842079;0.105933333;0.1169
RY;F11;E2;122;Stelis spathulata;Ramicaule;Erect;1;0;0;;5;6.5;;;;;0.666666667;0.995;0.0093;0.06;106.9892473;0.050954774;0.04;0.0507
RY;F11;E2;123;Stelis spathulata;Ramicaule;Erect;1;0;0;;8;7;0.703;0.225;3.17;0.928;0.706666667;1.421;0.0176;0.08;80.73863636;0.043912738;0.056533333;0.0624
RY;F11;E2;124;Stelis spathulata;Ramicaule;Erect;1;0;0;;6;8;;;;;0.606666667;1.574;0.0132;0.08;119.2424242;0.042439644;0.048533333;0.0668
RY;F11;E2;125;Maxillaria ochracea;Pseudobulb;Scandent;1;0;2;30;2;120;0.803;0.435;1.858;1.238;0.656666667;15.459;0.0997;0.92;155.0551655;0.053062941;0.604133333;0.8203
RY;F11;E2;126;Stelis sp.1;Ramicaule;Erect;0;0;0;;10;5;0.545;0.246;2.263;0.791;0.7;1.585;0.0123;0.11;128.8617886;0.061640379;0.077;0.0977
RY;F11;E2;127;Stelis sp.1;Ramicaule;Erect;0;0;0;;8;7.5;0.401;0.153;2.7;0.554;1.083333333;1.779;0.0168;0.15;105.8928571;0.074873524;0.1625;0.1332
RY;F11;E2;128;Pleurothallis hystrix;Ramicaule;Prostrate;0;0;0;;;;0.094;0;0;0.093;0.936666667;5.102;0.0415;0.37;122.939759;0.064386515;0.346566667;0.3285
RY;F11;E5;129;Oncidium adelaide;Pseudobulb;Erect;0;0;0;4;11;23;0.832;0.184;4.526;1.016;0.65;23.734;0.2817;1.34;84.25275115;0.04459004;0.871;1.0583
RY;F11;E5;130;Mormolyca rufescens;Pseudobulb;Erect;0;0;0;;7;15;1.303;0.398;3.279;1.701;0.66;16.987;0.2899;1.06;58.59606761;0.045334668;0.6996;0.7701
RY;F11;E5;131;Mormolyca rufescens;Pseudobulb;Erect;0;0;0;;10;21;0.728;0.236;3.089;0.963;0.55;24.403;0.2926;1.15;83.40054682;0.035135024;0.6325;0.8574
RY;F11;E5;132;Mormolyca rufescens;Pseudobulb;Erect;0;0;0;;7;10.5;1.03;0.361;2.857;1.391;0.623333333;13.154;0.1971;0.79;66.7376966;0.045073742;0.492433333;0.5929
RY;F11;E5;133;Stelis argentata;Ramicaule;Erect;0;0;0;;9;7;0.18;0.056;4.603;0.236;1.29;3.284;0.0288;0.38;114.0277778;0.106942753;0.4902;0.3512
RY;F11;E5;134;Stelis argentata;Ramicaule;Erect;0;0;0;;15;7.5;0.295;0.06;4.918;0.355;1.706666667;5.599;0.0938;0.83;59.69083156;0.131487766;1.416533333;0.7362
RY;F11;E5;136;Pleurothallis tripterantha;Ramicaule;;0;0;0;;14;14.3;0.158;0.014;11.591;0.171;1.983333333;5.706;0.1376;0.94;41.46802326;0.140623905;1.864333333;0.8024
RY;F11;E5;137;Stelis spathulata;Ramicaule;Erect;1;16;0;;30;15;;;;;0.793333333;2.538;0.0293;0.18;86.62116041;0.059377463;0.1428;0.1507
RY;F11;E4;138;Stelis sp.2;Ramicaule;Erect;1;0;1;;8;2;;;;;0.815;0.4034;0.0035;0.018;115.2571429;0.035944472;0.01467;0.0145
RY;F11;E4;140;Stelis sp.2;Ramicaule;Erect;1;0;1;;7;1.7;;;;;0.576666667;0.2185;0.001533333;0.01;142.5;0.038749047;0.005766667;0.008466667
RY;F11;E4;141;Stelis sp.2;Ramicaule;Erect;1;0;1;;6;2;0.301;0.141;2.191;0.442;0.786666667;0.293;0.0025;0.014;117.2;0.039249147;0.011013333;0.0115
RY;F11;E4;142;Stelis spathulata;Ramicaule;Erect;0;0;0;;11;6.6;0.209;0.057;3.895;0.266;0.796666667;1.846;0.0189;0.12;97.67195767;0.054767064;0.0956;0.1011
RY;F11;E4;143;Stelis spathulata;Ramicaule;Erect;1;0;1;;19;5.5;0.249;0.003;46.859;0.24;0.483333333;1.019;0.0101;0.04;100.8910891;0.029342493;0.019333333;0.0299
RY;F11;E4;144;Stelis spathulata;Ramicaule;Erect;1;1;1;11;11;8;0.369;0.356;1.052;0.725;0.833333333;2.898;0.0278;0.21;104.2446043;0.062870945;0.175;0.1822
RY;F11;E4;145;Stelis spathulata;Ramicaule;Erect;0;0;0;;9;8.5;0.345;0.012;27.643;0.357;0.806666667;3.524;0.0337;0.25;104.5697329;0.061379115;0.201666667;0.2163
RY;F11;E4;146;Mormolyca rufescens;Pseudobulb;Erect;0;0;0;5;8;11;0.728;0.167;4.373;0.895;0.456666667;8.647;0.0878;0.4;98.48519362;0.036105008;0.182666667;0.3122
RY;F10;E5;147;Pleurothallis hystrix;Ramicaule;Prostrate;0;0;0;;7;9;;;;;0.796666667;4.798;0.0381;0.34;125.9317585;0.062922051;0.270866667;0.3019
RY;F10;E5;148;Stelis spathulata;Ramicaule;Erect;0;0;0;;19;7.5;;;;;0.746666667;1.97;0.0119;0.13;165.5462185;0.059949239;0.097066667;0.1181
RY;F10;E5;149;Stelis argentata;Ramicaule;Erect;0;0;0;;16;16;0.383;0.223;1.715;0.606;0.863333333;13.238;0.0803;0.97;164.856787;0.067208037;0.837433333;0.8897
RY;F10;E5;150;Maxillaria ochracea;Pseudobulb;Scandent;0;0;0;5;1;17.5;0.149;0;0;0.075;0.76;20.144;0.1298;1.6;155.192604;0.072984512;1.216;1.4702
RY;F10;E5;152;Oncidium adelaide;Pseudobulb;Erect;0;0;0;6;8;11.5;1.412;0.121;4.119;1.194;0.226666667;8.302;0.0357;0.2;232.5490196;0.019790412;0.045333333;0.1643
RY;F10;E5;153;Maxillaria fritzii;Pseudobulb;Erect;0;0;0;7;1;27;;;;;3.546666667;24.6;0.1501;1.71;163.8907395;0.063410569;6.0648;1.5599
RY;F10;E5;154;Maxillaria ochracea;Pseudobulb;Scandent;0;0;0;;2;41;0.541;0.168;3.226;0.709;0.806666667;24.476;0.2077;1.98;117.8430429;0.072409707;1.5972;1.7723
RY;F10;E5;156;Pleurothallis hystrix;Ramicaule;Prostrate;0;0;0;;;;0.146;0.249;0.616;0.395;1.11;4.464;0.0474;0.46;94.17721519;0.092428315;0.5106;0.4126
RY;F10;E5;157;Pleurothallis hystrix;Ramicaule;Prostrate;0;0;0;;;;0.49;0.094;3.625;0.545;0.896666667;4.26;0.0315;0.34;135.2380952;0.07241784;0.304866667;0.3085
RY;F10;E5;158;Epidendrum porpax;Leafy stem;Scandent;0;0;0;;1;17;0.314;0.234;1.338;0.548;1.52;2.16;0.0161;0.27;134.1614907;0.117546296;0.4104;0.2539
RY;F10;E5;159;Epidendrum porpax;Leafy stem;Scandent;0;0;0;;1;4.5;0.162;0.233;0.749;0.395;1.776666667;1.852;0.0178;0.27;104.0449438;0.136177106;0.4797;0.2522
RY;F10;E5;160;Epidendrum porpax;Leafy stem;Scandent;0;0;0;;1;5;0.311;0;0;0.294;1.553333333;1.281;0.0131;0.17;97.78625954;0.122482436;0.264066667;0.1569
RY;F10;E2;161;Oncidium adelaide;Pseudobulb;Erect;0;0;0;;7;20;1.889;0.44;4.299;2.329;0.28;28.204;0.159;0.81;177.3836478;0.023081832;0.2268;0.651
RY;F10;E2;162;Campylocentrum micranthum;Leafy stem;Scandent;1;3;0;;1;38;0.622;0.319;1.975;0.94;0.87;1.662;0.015;0.11;110.8;0.057160048;0.0957;0.095
RY;F10;E2;163;Campylocentrum micranthum;Leafy stem;Scandent;1;13;0;;1;14;0.497;0.052;9.649;0.549;0.936666667;2.016;0.0237;0.15;85.06329114;0.06264881;0.1405;0.1263
RY;F10;E2;164;Campylocentrum micranthum;Leafy stem;Scandent;1;16;0;;1;19;;;;;0.81;1.586;0.0162;0.11;97.90123457;0.059142497;0.0891;0.0938
RY;F10;E1;165;Campylocentrum micranthum;Leafy stem;Scandent;0;0;0;;1;45.5;0.31;0.122;2.542;0.431;0.796666667;2.244;0.0206;0.14;108.9320388;0.053208556;0.111533333;0.1194
RY;F13;E5;166;Stelis spathulata;Ramicaule;Erect;1;0;0;;15;12;0.251;0.082;3.053;0.333;0.57;1.713;0.0194;0.1;88.29896907;0.047051956;0.057;0.0806
RY;F13;E5;167;Stelis spathulata;Ramicaule;Erect;1;0;0;;11;13.5;0.364;0.118;3.089;0.482;0.76;2.3;0.0222;0.16;103.6036036;0.059913043;0.1216;0.1378
RY;F13;E5;169;Maxillaria;Pseudobulb;Erect;0;0;0;;;13;;;;;0.85;11.828;0.1267;0.97;93.35438043;0.071296923;0.8245;0.8433
RY;F13;E5;171;Stelis spathulata;Ramicaule;Erect;0;0;0;;11;11;0.295;0.06;4.918;0.355;0.703333333;2.057;0.0256;0.16;80.3515625;0.065337871;0.112533333;0.1344
RY;F13;E5;173;Stelis popayanensis;Ramicaule;Erect;0;0;0;;7;7;0.381;0.104;2.652;0.46;1.386666667;1.894;0.0238;0.23;79.57983193;0.108870116;0.318933333;0.2062
RY;F13;E5;174;Stelis popayanensis;Ramicaule;Erect;0;0;0;;9;10;0.471;0.294;1.645;0.765;1.423333333;2.653;0.042;0.31;63.16666667;0.101017716;0.441233333;0.268
RY;F13;E5;175;Stelis popayanensis;Ramicaule;Erect;0;0;0;;8;9.5;0.019;0.105;0.179;0.124;0.75;2.366;0.0208;0.16;113.75;0.058833474;0.12;0.1392
RY;F13;E5;177;Maxillaria ochracea;Pseudobulb;Scandent;0;0;0;;5;32;0.491;0.479;1.027;0.97;0.97;16.746;0.167;1.3;100.2754491;0.067657948;1.261;1.133
RY;F13;E5;178;Stelis vulcanica;Ramicaule;Erect;0;0;0;4;12;18.5;0.379;0.041;9.169;0.421;1.78;22.139;0.2793;3.39;79.2660222;0.140507701;6.0342;3.1107
RY;F13;E5;180;Stelis sp.2;Ramicaule;Erect;0;0;0;;10;18.5;;;;;1.79;6.681;0.1335;0.9;50.04494382;0.114728334;1.611;0.7665
RY;F13;E4;181;Epidendrum porpax;Leafy stem;Scandent;0;0;0;;1;9;0.318;0.347;0.937;0.665;1.69;0.931;0.0106;0.14;87.83018868;0.138990333;0.2366;0.1294
RY;F13;E2;182;Myoxanthus affinis;Ramicaule;Erect;0;0;0;5;9;18;0.271;0;0;0.252;0.996666667;7.543;0.083;0.67;90.87951807;0.077820496;0.667766667;0.587
RY;F13;E2;183;Stelis spathulata;Ramicaule;Erect;1;0;0;;10;8;;;;;0.8;2.608;0.0188;0.18;138.7234043;0.061809816;0.144;0.1612
RY;F13;E2;184;Stelis spathulata;Ramicaule;Erect;0;0;0;;8;6;0.459;0.178;3.235;0.636;0.563333333;1.252;0.0074;0.06;169.1891892;0.04201278;0.0338;0.0526
RY;F13;E2;185;Stelis spathulata;Ramicaule;Erect;0;0;0;;8;8;0.447;0.145;3.365;0.593;0.483333333;2.383;0.0171;0.11;139.3567251;0.038984473;0.053166667;0.0929
RY;F13;E2;186;Stelis spathulata;Ramicaule;Erect;0;0;0;;8;6.5;0.147;0.065;2.283;0.212;0.723333333;1.177;0.0093;0.07;126.5591398;0.051571793;0.050633333;0.0607
RY;F13;E2;187;Stelis argentata;Ramicaule;Erect;1;0;0;10;20;16.5;;;;;0.946666667;14.542;0.03804;1.19;382.2818086;0.079216064;1.126533333;1.15196
RY;F13;E2;188;Stelis argentata;Ramicaule;Erect;1;0;0;7;12;13;0.205;0.055;2.71;0.249;0.786666667;11.303;0.0991;0.8;114.0565086;0.062010086;0.629333333;0.7009
RY;F13;E2;189;Stelis vulcanica;Ramicaule;Erect;0;0;0;8;17;15;0.318;0.278;1.147;0.596;1.563333333;18.296;0.2212;2.38;82.7124774;0.117993004;3.720733333;2.1588
RY;F14;E3;192;Stelis spathulata;Ramicaule;Erect;1;5;0;;11;8;0.155;0.137;4.609;0.292;0.646666667;2.11;0.0144;0.12;146.5277778;0.050047393;0.0776;0.1056
RY;F14;E3;193;Stelis spathulata;Ramicaule;Erect;1;8;0;;17;11.5;0.817;0.122;6.68;0.94;0.596666667;3.547;0.0261;0.18;135.9003831;0.043388779;0.1074;0.1539
RY;F14;E3;194;Stelis argentata;Ramicaule;Erect;1;13;0;;19;13.5;0.366;0.216;1.763;0.582;0.856666667;11.762;0.0988;0.86;119.048583;0.064716885;0.736733333;0.7612
RY;F14;E3;195;Stelis argentata;Ramicaule;Erect;1;9;0;;11;15.5;0.45;0.155;2.957;0.605;0.936666667;19.31;0.1745;1.61;110.6590258;0.07433972;1.508033333;1.4355
RY;F14;E3;196;Stelis spathulata;Ramicaule;Erect;1;15;0;;19;13.5;0.608;0.364;1.752;0.972;0.583333333;2.863;0.0261;0.15;109.6934866;0.043276284;0.0875;0.1239
RY;F14;E3;197;Stelis spathulata;Ramicaule;Erect;1;16;0;;17;14;0.32;0.071;4.518;0.391;0.74;4.276;0.0329;0.33;129.9696049;0.069480823;0.2442;0.2971
RY;F14;E3;199;Stelis argentata;Ramicaule;Erect;0;0;0;5;7;13.5;;;;;1.813333333;6.268;0.1002;0.95;62.55489022;0.135577537;1.722666667;0.8498
RY;F14;E4;200;Stelis spathulata;Ramicaule;Erect;1;4;0;;9;8.5;0.275;0.093;2.964;0.368;0.923333333;3.254;0.0271;0.25;120.0738007;0.068500307;0.230833333;0.2229
RY;F14;E4;201;Stelis spathulata;Ramicaule;Erect;1;3;0;10;25;13;0.227;0.039;12.132;0.229;0.54;2.923;0.0298;0.17;98.08724832;0.04796442;0.0918;0.1402
RY;F14;E4;202b;Stelis spathulata;Ramicaule;Erect;1;1;0;9;9;9.5;0.633;0.409;1.548;1.041;0.65;3.984;0.0372;0.25;107.0967742;0.053413655;0.1625;0.2128
RY;F14;E4;204;Pleurothallis hystrix;Ramicaule;Prostrate;1;0;0;;;;0.438;0.081;5.408;0.519;1.206666667;4.824;0.0634;0.51;76.08832808;0.092578773;0.6154;0.4466
RY;F14;E3;205;Stelis vulcanica;Ramicaule;Erect;1;2;0;3;17;31;0.357;0.052;6.856;0.409;2.633333333;50.41;0.7336;9.16;68.71592148;0.16715731;24.12133333;8.4264
RY;F14;E4;206;Stelis argentata;Ramicaule;Erect;1;6;0;;18;15;0.27;0.187;1.438;0.457;0.85;9.641;0.0806;0.75;119.6153846;0.069432631;0.6375;0.6694
RY;F14;E5;207;Pleurothallis hystrix;Ramicaule;Prostrate;0;0;0;;;;0.235;0.228;1.031;0.462;0.696666667;3.645;0.0365;0.25;99.8630137;0.058573388;0.174166667;0.2135
RY;F14;E5;208;Pleurothallis hystrix;Ramicaule;Prostrate;0;0;0;;;;0.54;0.237;2.524;0.777;0.836666667;1.902;0.0252;0.15;75.47619048;0.065615142;0.1255;0.1248
RY;F14;E5;209;Pleurothallis hystrix;Ramicaule;Prostrate;0;0;0;;;;0.581;0.232;2.705;0.813;1.016666667;2.743;0.0238;0.22;115.2521008;0.071527525;0.223666667;0.1962
RY;F14;E5;210;Stelis argentata;Ramicaule;Erect;1;2;0;;28;17;0.267;0.242;1.103;0.509;1.21;13.308;0.1204;1.24;110.5315615;0.084129847;1.5004;1.1196
RY;F14;E2;212;Epidendrum RY;;;0;0;0;;;150;1.836;0.305;6.055;2.142;0.446666667;34.601;0.1729;1.28;200.1214575;0.031996185;0.571733333;1.1071
RY;F14;E1;213;Cryptocentrum latifolium;Monopodial;Erect;0;0;0;;1;;0.132;0.141;0.936;0.273;0.876666667;9.819;0.066;0.7;148.7727273;0.064568693;0.613666667;0.634
RY;F14;E1;214;Cryptocentrum latifolium;Monopodial;Erect;0;0;0;;1;;0.116;0.134;0.937;0.249;0.63;6.114;0.0288;0.36;212.2916667;0.054170756;0.2268;0.3312
RY;F14;E1;215;Pleurothallis hystrix;Ramicaule;Prostrate;0;0;0;;;;0.207;0.035;5.887;0.242;0.68;5.25;0.0303;0.29;173.2673267;0.049466667;0.1972;0.2597
RY;F15;E2;510;Stelis argentata;Ramicaule;Erect;1;1;1;;9;16;0.419;0.197;2.176;0.616;0.77;14.81;0.0926;1.05;159.9352052;0.06464551;0.8085;0.9574
RY;F15;E2;511;Stelis argentata;Ramicaule;Erect;0;0;0;;6;17;0.239;0.072;3.522;0.312;0.82;14.634;0.1006;1.14;145.4671968;0.071026377;0.9348;1.0394
RY;F15;E2;512;Stelis argentata;Ramicaule;Erect;0;0;0;;6;17.5;0.226;0.071;3.296;0.298;0.833333333;14.802;0.1083;1.18;136.6759003;0.072402378;0.983333333;1.0717
RY;F15;E2;513;Stelis argentata;Ramicaule;Erect;0;0;0;;3;12.5;0.206;0.081;34.246;0.288;0.65;8.516;0.0513;0.53;166.0038986;0.056211837;0.3445;0.4787
RY;F15;E2;514;Stelis argentata;Ramicaule;Erect;0;0;0;;6;15.5;0.655;0.111;6.327;0.766;0.693333333;7.828;0.04;0.52;195.7;0.061318344;0.360533333;0.48
RY;F15;E2;515;Stelis spathulata;Ramicaule;Erect;0;0;0;;5;6.5;1.054;0.177;5.999;1.231;0.516666667;1.32;0.006;0.06;220;0.040909091;0.031;0.054
RY;F15;E2;516;Lankesteriana cuspidata;Ramicaule;Erect;1;13;0;;18;2.7;0.847;0.142;6.329;0.989;0.47;0.713;0.0021;0.026666667;339.5238095;0.034455353;0.012533333;0.024566667
RY;F15;E3;517;Stelis argentata;Ramicaule;Erect;1;2;0;;9;12.7;0.683;0.082;39.881;0.765;0.606666667;10.356;0.0806;0.64;128.4863524;0.054016995;0.388266667;0.5594
RY;F15;E3;518;Stelis argentata;Ramicaule;Erect;0;0;0;;5;10.3;0.599;0.013;48.349;0.612;0.613333333;8.572;0.05;0.54;171.44;0.057162856;0.3312;0.49
RY;F15;E3;519;Stelis argentata;Ramicaule;Erect;1;7;0;;26;18.3;0.364;0.049;37.138;0.413;0.716666667;13.7;0.0986;0.95;138.9452333;0.062145985;0.680833333;0.8514
RY;F15;E3;520;Stelis popayanensis;Ramicaule;Erect;0;0;0;;9;16;0.265;0.109;2.552;0.375;0.846666667;6.219;0.0523;0.48;118.9101338;0.068773115;0.4064;0.4277
RY;F15;E3;521;Stelis popayanensis;Ramicaule;Erect;0;0;0;;5;14.3;0.256;0.022;11.591;0.278;0.983333333;7.173;0.079;0.6;90.79746835;0.072633487;0.59;0.521
RY;F15;E3;522;Stelis popayanensis;Ramicaule;Erect;0;0;0;;11;7.5;;;;;1.243333333;2.516;0.0213;0.24;118.1220657;0.086923688;0.2984;0.2187
RY;F15;E3;523;Lankesteriana cuspidata;Ramicaule;Erect;0;0;0;;4;2.3;0.358;0.072;3.321;0.417;0.303333333;0.714;0.00265;0.02;269.4339623;0.02429972;0.006066667;0.01735
RY;F15;E3;524;Lankesteriana cuspidata;Ramicaule;Erect;0;0;0;;6;2.6;0.293;0.115;3.031;0.408;0.256666667;0.166166667;0.00085;0.001666667;195.4901961;0.004914744;0.000427778;0.000816667
RY;F15;E4;525;Cryptocentrum latifolium;Monopodial;Erect;0;0;0;5;1;18.5;0.334;0.156;2.217;0.489;0.663333333;11.697;0.103;0.77;113.5631068;0.057023168;0.510766667;0.667
RY;F15;E4;526;Cryptocentrum latifolium;Monopodial;Erect;0;0;0;4;1;18.2;0.33;0.066;7.183;0.396;0.646666667;12.953;0.1009;0.85;128.3746283;0.057832162;0.549666667;0.7491
RY;F15;E4;528;Stelis popayanensis;Ramicaule;Erect;0;0;0;;7;14.8;0.166;0.04;4.244;0.206;;5.674;0.077;0.58;73.68831169;0.088649982;;0.503
RY;F15;E4;419;Stelis argentata;Ramicaule;Erect;0;0;0;;7;9.7;0.31;0.099;3.669;0.408;0.803333333;7.135;0.0685;0.57;104.1605839;0.070287316;0.4579;0.5015
RY;F15;E4;420;Stelis argentata;Ramicaule;Erect;0;0;0;;12;7.5;0.145;0.077;1.931;0.222;0.883333333;5.375;0.0651;0.48;82.56528418;0.077190698;0.424;0.4149
RY;F15;E4;421;Stelis argentata;Ramicaule;Erect;0;0;0;;4;7;0.211;0.102;2.512;0.313;0.88;5.782;0.0568;0.45;101.7957746;0.068004151;0.396;0.3932
RY;F15;E4;422;Stelis argentata;Ramicaule;Erect;0;0;0;;5;11.5;0.194;0.03;3.327;0.224;0.8;10.402;0.0914;0.8;113.8074398;0.068121515;0.64;0.7086
RY;F15;E4;424;Stelis spathulata;Ramicaule;Erect;0;0;0;;9;8.7;0.78;0.175;4.474;0.955;0.496666667;2.622;0.028;0.14;93.64285714;0.042715484;0.069533333;0.112
RY;F15;E4;425;Stelis spathulata;Ramicaule;Erect;0;0;0;;5;8.4;0.556;0.091;6.317;0.648;0.55;2.85;0.0327;0.17;87.1559633;0.048175439;0.0935;0.1373
RY;F15;E4;426;Stelis spathulata;Ramicaule;Erect;0;0;0;;7;8.5;0.376;0.089;4.33;0.465;0.746666667;2.292;0.0216;0.15;106.1111111;0.056020942;0.112;0.1284
RY;F15;E5;427;Stelis spathulata;Ramicaule;Erect;0;0;0;;6;8.7;0.665;0.083;51.759;0.748;0.533333333;3.027;0.0271;0.17;111.697417;0.047208457;0.090666667;0.1429
RY;F15;E5;428;Stelis spathulata;Ramicaule;Erect;0;0;0;;4;7.7;;;;;0.706666667;2.048;0.019;0.14;107.7894737;0.059082031;0.098933333;0.121
RY;F15;E5;429;Stelis spathulata;Ramicaule;Erect;0;0;0;;4;8.9;0.564;0.141;4.2;0.705;0.653333333;3.105;0.0284;0.18;109.3309859;0.048824477;0.1176;0.1516
RY;F15;E5;430;Stelis spathulata;Ramicaule;Erect;1;6;0;;7;12;0.512;0.131;4.034;0.642;0.523333333;3.089;0.0364;0.18;84.86263736;0.046487536;0.0942;0.1436
RY;F15;E5;431;Stelis spathulata;Ramicaule;Erect;0;0;0;;4;6;;;;;0.703333333;1.987;0.0166;0.15;119.6987952;0.067136387;0.1055;0.1334
RY;F15;E5;432;Stelis argentata;Ramicaule;Erect;0;0;0;1;5;7.2;0.529;0.093;5.69;0.622;1.143333333;4.032;0.0385;0.24;104.7272727;0.049975198;0.2744;0.2015
RY;F15;E5;433;Stelis argentata;Ramicaule;Erect;1;2;0;;9;10.3;0.332;0.076;4.37;0.408;0.67;9.414;0.0923;0.66;101.9934995;0.060303803;0.4422;0.5677
RY;F15;E5;434;Stelis argentata;Ramicaule;Erect;0;0;0;;6;14.5;0.31;0.053;7.747;0.363;1.153333333;11.735;0.0821;1.23;142.9354446;0.097818492;1.4186;1.1479
RY;F15;E5;435;Stelis popayanensis;Ramicaule;Erect;0;0;0;;6;15.5;;;;;1.04;5.53;0.0639;0.51;86.54147105;0.080669078;0.5304;0.4461
RY;F15;E5;436;Stelis popayanensis;Ramicaule;Erect;0;0;0;;10;11.2;0.272;0.064;5.163;0.336;1.803333333;5.122;0.1549;0.76;33.06649451;0.118137446;1.370533333;0.6051
RY;F15;E5;437;Maxillaria ochracea;Pseudobulb;Scandent;1;0;1;2;4;12;0.241;0.029;51.985;0.271;1.09;14.913;0.5504;1.51;27.09484012;0.064346543;1.6459;0.9596
RY;F15;E5;438;Maxillaria ochracea;Pseudobulb;Scandent;0;0;0;;10;11;0.463;0.055;5.59;0.509;0.673333333;7.95;0.0664;0.54;119.7289157;0.059572327;0.3636;0.4736
RY;F15;E5;439;Stelis vulcanica;Ramicaule;Erect;1;1;3;;14;29.5;0.261;0.031;8.991;0.292;1.77;58.581;0.998;8.93;58.69839679;0.135402264;15.8061;7.932
RY;F15;E5;440;Stelis vulcanica;Ramicaule;Erect;1;2;7;;6;22.6;0.228;0.197;1.257;0.424;1.536666667;35.187;0.4482;4.74;78.50736278;0.121971183;7.2838;4.2918
RY;F12;E2;441;Stelis vulcanica;Ramicaule;Erect;0;0;0;;5;32.5;0.428;0.097;7.138;0.526;1.55;59.171;0.7645;8.36;77.39829954;0.128365246;12.958;7.5955
RY;F12;E2;442;Stelis spathulata;Ramicaule;Erect;0;0;0;;17;4;0.44;0.073;8.565;0.512;0.743333333;0.855;0.0065;0.06;131.5384615;0.062573099;0.0446;0.0535
RY;F12;E2;443;Stelis spathulata;Ramicaule;Erect;0;0;0;;8;5;0.337;0.12;2.845;0.456;0.876666667;1.099;0.0102;0.07;107.745098;0.054413103;0.061366667;0.0598
RY;F12;E2;444;Stelis spathulata;Ramicaule;Erect;0;0;0;;18;7;0.537;0.039;4.724;0.546;0.583333333;1.89;0.0184;0.12;102.7173913;0.053756614;0.07;0.1016
RY;F12;E4;445;Oncidium adelaide;Pseudobulb;Erect;0;0;0;;5;12.2;;;;;0.22;5.973;0.0471;0.18;126.8152866;0.022250126;0.0396;0.1329
RY;F12;E4;446;Oncidium adelaide;Pseudobulb;Erect;0;0;0;;3;8;1.692;0.469;3.638;2.161;0.176666667;4.629;0.0227;0.1;203.9207048;0.016699071;0.017666667;0.0773
RY;F12;E4;447;Campylocentrum micranthum;Leafy stem;Scandent;0;0;0;;2;8;0.27;0.084;3.38;0.354;0.996666667;0.888;0.0116;0.07;76.55172414;0.065765766;0.069766667;0.0584
RY;F12;E5;449;Epidendrum RY;;;0;0;0;;11;33;0.802;0.245;3.346;1.046;0.83;5.175;0.0635;0.42;81.49606299;0.068888889;0.3486;0.3565
RY;F12;E5;450;Stelis vulcanica;Ramicaule;Erect;0;0;0;;11;30;0.342;0.06;7.649;0.402;1.923333333;47.961;0.7587;8.3;63.21470937;0.157238173;15.96366667;7.5413
RY;F16;E2;451;Pleurothallis hystrix;Ramicaule;Prostrate;0;0;0;;20;11.3;0.472;0;0;0.429;0.593333333;3.045;0.0231;0.16;131.8181818;0.044958949;0.094933333;0.1369
RY;F16;E3;452;Pleurothallis hystrix;Ramicaule;Prostrate;0;0;0;;6;10.5;;;;;0.51;3.806;0.025;0.18;152.24;0.040725171;0.0918;0.155
RY;F16;E3;453;Stelis argentata;Ramicaule;Erect;0;0;0;;8;12.3;0.591;0.055;9.402;0.642;0.67;11.035;0.0941;0.71;117.2688629;0.055813321;0.4757;0.6159
RY;F16;E3;454;Stelis argentata;Ramicaule;Erect;1;1;0;;6;17.3;0.438;0.104;6.191;0.542;0.416666667;16.857;0.1039;0.76;162.2425409;0.038921516;0.316666667;0.6561
RY;F16;E3;455;Stelis argentata;Ramicaule;Erect;0;0;0;;15;20;;;;;0.733333333;22.268;0.1688;1.51;131.9194313;0.060229926;1.107333333;1.3412
RY;F16;E3;456;Cryptocentrum latifolium;Monopodial;Erect;0;0;0;5;1;16.3;;;;;1.976666667;18.231;0.2111;0.85;86.36191378;0.035044704;1.680166667;0.6389
RY;F16;E4;458;Cryptocentrum latifolium;Monopodial;Erect;0;0;0;14;1;34;0.585;0.18;3.312;0.765;4.133333333;37.62;0.0901;2.5;417.536071;0.064059011;10.33333333;2.4099
RY;F16;E4;459;Pleurothallis hystrix;Ramicaule;Prostrate;0;0;0;;15;7.2;0.633;0.111;5.791;0.743;0.903333333;3.048;0.023;0.26;132.5217391;0.077755906;0.234866667;0.237
RY;F16;E4;460;Pleurothallis hystrix;Ramicaule;Prostrate;0;0;0;;10;8.4;0.772;0.214;3.781;0.986;0.526666667;2.838;0.0256;0.13;110.859375;0.036786469;0.068466667;0.1044
RY;F16;E4;461;Pleurothallis hystrix;Ramicaule;Prostrate;0;0;0;;25;8.2;0.527;0.037;18.463;0.564;0.646666667;2.735;0.0197;0.17;138.8324873;0.054954296;0.109933333;0.1503
RY;F16;E5;462;Pleurothallis hystrix;Ramicaule;Prostrate;0;0;0;;24;12;0.822;0.166;5.711;0.988;0.466666667;1.765;0.0143;0.08;123.4265734;0.037223796;0.037333333;0.0657
RY;F16;E5;463;Stelis spathulata;Ramicaule;Erect;0;0;0;;8;6.8;0.341;0.163;2.261;0.505;0.94;3.754;0.0411;0.31;91.33819951;0.071630261;0.2914;0.2689
RY;F16;E5;464;Stelis spathulata;Ramicaule;Erect;1;10;0;;34;8;0.773;0.167;4.622;0.94;0.576666667;2.917;0.0315;0.16;92.6031746;0.044052108;0.092266667;0.1285
RY;F16;E5;465;Stelis spathulata;Ramicaule;Erect;1;2;0;;5;8.5;0.398;0.112;4.188;0.511;0.563333333;2.412;0.0209;0.12;115.4066986;0.041086235;0.0676;0.0991
RY;F16;E5;466;Stelis argentata;Ramicaule;Erect;1;4;0;;26;19.6;0.7;0.196;3.914;0.896;0.646666667;19.259;0.1552;1.2;124.0914948;0.054249961;0.776;1.0448
RY;F16;E5;467;Stelis popayanensis;Ramicaule;Erect;0;0;0;;7;10.3;0.237;0.104;2.339;0.341;1.45;6.434;0.1168;0.76;55.08561644;0.099968915;1.102;0.6432
RY;F18;E1;468;Stelis argentata;Ramicaule;Erect;0;0;0;;13;13.8;0.408;0.13;3.37;0.538;0.746666667;12.927;0.0578;0.88;223.650519;0.063603311;0.657066667;0.8222
RY;F18;E1;469;Stelis argentata;Ramicaule;Erect;0;0;0;;10;17.2;0.278;0.115;2.618;0.392;0.81;12.551;0.0765;0.92;164.0653595;0.0672058;0.7452;0.8435
RY;F18;E1;470;Stelis argentata;Ramicaule;Erect;0;0;0;;11;18.2;0.277;0.13;2.493;0.407;0.813333333;14.143;0.0855;1.14;165.4152047;0.074559853;0.9272;1.0545
RY;F18;E1;471;Stelis spathulata;Ramicaule;Erect;0;0;0;;13;12.3;0.778;0.096;9.319;0.874;0.763333333;4.607;0.0271;0.29;170;0.057065335;0.221366667;0.2629
RY;F18;E2;472;Stelis spathulata;Ramicaule;Erect;0;0;0;;6;11.4;0.335;0.01;11.591;0.307;0.856666667;7.004;0.0349;0.53;200.6876791;0.070688178;0.454033333;0.4951
RY;F18;E2;473;Stelis spathulata;Ramicaule;Erect;0;0;0;;8;11.4;0.477;0.02;8.191;0.454;0.696666667;3.46;0.0224;0.24;154.4642857;0.062890173;0.1672;0.2176
RY;F18;E2;474;Stelis spathulata;Ramicaule;Erect;0;0;0;;6;6.9;0.478;0.02;21.398;0.493;0.706666667;2.763;0.0133;0.18;207.7443609;0.060332971;0.1272;0.1667
RY;F18;E3;475;Stelis spathulata;Ramicaule;Erect;1;1;0;;13;11.5;0.397;0.04;14.34;0.437;0.816666667;5.149;0.0416;0.4;123.7740385;0.069605749;0.326666667;0.3584
RY;F18;E3;476;Stelis spathulata;Ramicaule;Erect;0;0;0;;7;10.2;0.378;0.032;37.138;0.405;0.863333333;3.377;0.0262;0.26;128.8931298;0.069233047;0.224466667;0.2338
RY;F18;E3;477;Stelis spathulata;Ramicaule;Erect;0;0;0;;41;12.1;0.455;0.13;3.502;0.585;0.84;3.49;0.027;0.28;129.2592593;0.072492837;0.2352;0.253
RY;F18;E3;478;Stelis argentata;Ramicaule;Erect;0;0;0;;5;18;0.267;0.166;1.962;0.433;1.023333333;19.61;0.1755;1.87;111.7378917;0.086409995;1.913633333;1.6945
RY;F18;E3;479;Stelis argentata;Ramicaule;Erect;0;0;0;;8;18.3;0.446;0.131;3.928;0.577;0.823333333;25.466;0.1158;1.88;219.9136442;0.069276683;1.547866667;1.7642
RY;F18;E3;480;Stelis argentata;Ramicaule;Erect;1;1;0;;8;10;0.42;0.136;3.179;0.556;1.026666667;7.529;0.0617;0.67;122.0259319;0.080794262;0.687866667;0.6083
RY;F18;E3;481;Stelis argentata;Ramicaule;Erect;0;0;0;;8;15.4;0.295;0.129;2.345;0.424;0.82;12.77;0.0842;0.95;151.6627078;0.06779953;0.779;0.8658
RY;F18;E4;482;Campylocentrum micranthum;Leafy stem;Scandent;0;0;0;11;1;21.5;0.356;0.114;3.587;0.47;1.086666667;0.749;0.0097;0.06;77.21649485;0.067156208;0.0652;0.0503
RY;F18;E4;483;Campylocentrum micranthum;Leafy stem;Scandent;0;0;0;7;1;11;0.258;0.044;6.447;0.302;0.9;0.75;0.0115;0.05;65.2173913;0.051333333;0.045;0.0385
RY;F18;E4;485;Campylocentrum micranthum;Leafy stem;Scandent;0;0;0;6;1;6;0.559;0.143;4.898;0.702;0.966666667;0.695;0.0087;0.06;79.88505747;0.07381295;0.058;0.0513
RY;F18;E5;486;Campylocentrum micranthum;Leafy stem;Scandent;0;0;0;4;1;10;0.429;0.006;20.424;0.423;0.986666667;1.043;0.0124;0.08;84.11290323;0.064813039;0.078933333;0.0676
RY;F18;E5;487;Campylocentrum micranthum;Leafy stem;Scandent;0;0;0;9;1;12;0.303;0.095;2.292;0.39;0.99;0.973;0.0159;0.09;61.19496855;0.076156218;0.0891;0.0741
RY;F18;E5;488;Campylocentrum micranthum;Leafy stem;Scandent;0;0;0;6;1;8.7;0.34;0.041;4.223;0.378;1.156666667;1.372;0.0179;0.13;76.64804469;0.081705539;0.150366667;0.1121
RY;F18;E5;489;Campylocentrum micranthum;Leafy stem;Scandent;0;0;0;8;1;10.5;0.488;0.06;7.621;0.544;1.073333333;1.286;0.0125;0.09;102.88;0.060264386;0.0966;0.0775
RY;F18;E5;490;Oncidium adelaide;Pseudobulb;Erect;0;0;0;6;3;11.6;1.37;0.452;3.043;1.822;0.246666667;11.122;0.0579;0.33;192.08981;0.024465024;0.0814;0.2721
RY;F17;E1;491;Pleurothallis hystrix;Ramicaule;Prostrate;0;0;0;;9;10.1;0.469;0.15;3.743;0.619;0.943333333;1.794;0.0147;0.15;122.0408163;0.07541806;0.1415;0.1353
RY;F17;E1;492;Pleurothallis hystrix;Ramicaule;Prostrate;0;0;0;;8;11;0.362;0.009;43.09;0.358;0.89;5.436;0.0421;0.41;129.1211401;0.06767844;0.3649;0.3679
RY;F17;E1;493;Pleurothallis hystrix;Ramicaule;Prostrate;0;0;0;;8;12;0.665;0.213;3.191;0.878;0.72;5.102;0.0341;0.34;149.6187683;0.05995688;0.2448;0.3059
RY;F17;E1;494;Stelis argentata;Ramicaule;Erect;0;0;0;;7;17.5;0.317;0.065;8.38;0.381;1.04;14.372;0.0908;1.34;158.2819383;0.086919009;1.3936;1.2492
RY;F17;E4;495;Maxillaria ochracea;Pseudobulb;Scandent;0;0;0;17;6;19;0.439;0.142;3.172;0.581;0.666666667;14.815;0.1152;1.03;128.6024306;0.061748228;0.686666667;0.9148
RY;F17;E4;496;Maxillaria ochracea;Pseudobulb;Scandent;0;0;0;7;3;14.2;0.453;0.053;5.9;0.504;0.75;22.683;0.1855;1.72;122.2803235;0.067649782;1.29;1.5345
RY;F17;E4;497;Maxillaria ochracea;Pseudobulb;Scandent;0;0;0;3;3;8;0.416;0.39;1.074;0.806;0.81;15.434;0.1517;1.25;101.7402769;0.071161073;1.0125;1.0983
RY;F17;E4;498;Stelis spathulata;Ramicaule;Erect;0;0;0;;11;7.3;0.792;0.25;3.183;1.041;0.496666667;2.317;0.0207;0.12;111.9323671;0.042857143;0.0596;0.0993
RY;F17;E4;499;Stelis spathulata;Ramicaule;Erect;0;0;0;;10;11.3;0.505;0.012;14.31;0.499;0.676666667;4.5;0.0286;0.32;157.3426573;0.064755556;0.216533333;0.2914
RY;F17;E4;500;Stelis argentata;Ramicaule;Erect;0;0;0;;6;7.5;0.442;0.02;16.007;0.46;0.68;3.347;0.0163;0.21;205.3374233;0.057872722;0.1428;0.1937
RY;F17;E4;501;Stelis popayanensis;Ramicaule;Erect;0;0;0;;4;14;0.564;0.21;2.738;0.773;0.863333333;3.446;0.0403;0.26;85.50868486;0.063755078;0.224466667;0.2197
RY;F17;E4;502;Stelis popayanensis;Ramicaule;Erect;0;0;0;;5;8.5;;;;;0.75;2.014;0.0226;0.13;89.11504425;0.053326713;0.0975;0.1074
RY;F17;E3;503;Epidendrum RY;;;0;0;0;;;;0.407;0.044;3.242;0.42;1.64;47.027;0.9662;6.5;48.67211757;0.117672826;10.66;5.5338
RY;F17;E3;504;Maxillaria ochracea;Pseudobulb;Scandent;0;0;0;;23;16.5;0.388;0.163;2.766;0.551;0.826666667;28.974;0.2228;2.42;130.0448833;0.075833506;2.000533333;2.1972
RY;F17;E3;505;Maxillaria ochracea;Pseudobulb;Scandent;0;0;0;;12;19;0.368;0.196;1.986;0.564;1.116666667;23.139;0.208;2.46;111.2451923;0.097324863;2.747;2.252
RY;F17;E3;506;Maxillaria ochracea;Pseudobulb;Scandent;0;0;0;;4;14;0.755;0.275;2.766;1.031;0.796666667;19.285;0.1683;1.48;114.5870469;0.068016593;1.179066667;1.3117
RY;F17;E3;507;Oncidium pictum;Pseudobulb;Erect;0;0;0;;4;33.4;1.428;0.408;3.504;1.836;0.473333333;62.023;0.5475;2.98;113.2840183;0.039219322;1.410533333;2.4325
RY;F17;E3;508;Stelis argentata;Ramicaule;Erect;0;0;0;;12;16;0.226;0;0;0.167;1.003333333;14.348;0.1133;1.33;126.6372462;0.084799275;1.334433333;1.2167
RY;F17;E3;509;Stelis argentata;Ramicaule;Erect;0;0;0;;3;9.5;;;;;1.19;6.021;0.0416;0.57;144.7355769;0.087759508;0.6783;0.5284
RY;F17;E2;529;Maxillaria ochracea;Pseudobulb;Scandent;0;0;0;;7;37;0.476;0.315;1.55;0.79;1.056666667;23.825;0.2111;2.28;112.8612032;0.086837356;2.4092;2.0689
RY;F17;E2;530;Stelis argentata;Ramicaule;Erect;0;0;0;;14;12;0.436;0.017;9.649;0.418;0.773333333;11.482;0.0727;0.83;157.9367263;0.065955408;0.641866667;0.7573
RY;F17;E2;531;Stelis argentata;Ramicaule;Erect;0;0;0;;10;10;0.335;0;0;0.33;0.803333333;4.594;0.0287;0.33;160.0696864;0.065585546;0.2651;0.3013
RY;F17;E2;532;Stelis argentata;Ramicaule;Erect;0;0;0;;10;7.5;0.388;0.036;7.383;0.41;0.786666667;8.526;0.0478;0.61;178.3682008;0.065939479;0.479866667;0.5622
